--
-- PostgreSQL database dump
--

-- Dumped from database version 15.4 (Debian 15.4-2.pgdg120+1)
-- Dumped by pg_dump version 15.4 (Debian 15.4-2.pgdg120+1)

SET statement_timeout = 0;
SET lock_timeout = 0;
SET idle_in_transaction_session_timeout = 0;
SET client_encoding = 'UTF8';
SET standard_conforming_strings = on;
SELECT pg_catalog.set_config('search_path', '', false);
SET check_function_bodies = false;
SET xmloption = content;
SET client_min_messages = warning;
SET row_security = off;

--
-- Name: vector; Type: EXTENSION; Schema: -; Owner: -
--

CREATE EXTENSION IF NOT EXISTS vector WITH SCHEMA public;


--
-- Name: EXTENSION vector; Type: COMMENT; Schema: -; Owner: 
--

COMMENT ON EXTENSION vector IS 'vector data type and ivfflat and hnsw access methods';


SET default_tablespace = '';

SET default_table_access_method = heap;

--
-- Name: adminchat_apiroute; Type: TABLE; Schema: public; Owner: jai_user
--

CREATE TABLE public.adminchat_apiroute (
    id bigint NOT NULL,
    path character varying(255) NOT NULL,
    external_path character varying(255) NOT NULL,
    method character varying(10) NOT NULL,
    requires_auth boolean NOT NULL,
    request_transformation jsonb,
    response_transformation jsonb,
    is_active boolean NOT NULL,
    created_at timestamp with time zone NOT NULL,
    updated_at timestamp with time zone NOT NULL,
    config_id bigint NOT NULL
);


ALTER TABLE public.adminchat_apiroute OWNER TO jai_user;

--
-- Name: adminchat_apiroute_id_seq; Type: SEQUENCE; Schema: public; Owner: jai_user
--

ALTER TABLE public.adminchat_apiroute ALTER COLUMN id ADD GENERATED BY DEFAULT AS IDENTITY (
    SEQUENCE NAME public.adminchat_apiroute_id_seq
    START WITH 1
    INCREMENT BY 1
    NO MINVALUE
    NO MAXVALUE
    CACHE 1
);


--
-- Name: adminchat_externalapiconfig; Type: TABLE; Schema: public; Owner: jai_user
--

CREATE TABLE public.adminchat_externalapiconfig (
    id bigint NOT NULL,
    name character varying(100) NOT NULL,
    base_url character varying(200) NOT NULL,
    auth_type character varying(20) NOT NULL,
    api_key character varying(255),
    is_active boolean NOT NULL,
    created_at timestamp with time zone NOT NULL,
    updated_at timestamp with time zone NOT NULL
);


ALTER TABLE public.adminchat_externalapiconfig OWNER TO jai_user;

--
-- Name: adminchat_externalapiconfig_id_seq; Type: SEQUENCE; Schema: public; Owner: jai_user
--

ALTER TABLE public.adminchat_externalapiconfig ALTER COLUMN id ADD GENERATED BY DEFAULT AS IDENTITY (
    SEQUENCE NAME public.adminchat_externalapiconfig_id_seq
    START WITH 1
    INCREMENT BY 1
    NO MINVALUE
    NO MAXVALUE
    CACHE 1
);


--
-- Name: auth_group; Type: TABLE; Schema: public; Owner: jai_user
--

CREATE TABLE public.auth_group (
    id integer NOT NULL,
    name character varying(150) NOT NULL
);


ALTER TABLE public.auth_group OWNER TO jai_user;

--
-- Name: auth_group_id_seq; Type: SEQUENCE; Schema: public; Owner: jai_user
--

ALTER TABLE public.auth_group ALTER COLUMN id ADD GENERATED BY DEFAULT AS IDENTITY (
    SEQUENCE NAME public.auth_group_id_seq
    START WITH 1
    INCREMENT BY 1
    NO MINVALUE
    NO MAXVALUE
    CACHE 1
);


--
-- Name: auth_group_permissions; Type: TABLE; Schema: public; Owner: jai_user
--

CREATE TABLE public.auth_group_permissions (
    id bigint NOT NULL,
    group_id integer NOT NULL,
    permission_id integer NOT NULL
);


ALTER TABLE public.auth_group_permissions OWNER TO jai_user;

--
-- Name: auth_group_permissions_id_seq; Type: SEQUENCE; Schema: public; Owner: jai_user
--

ALTER TABLE public.auth_group_permissions ALTER COLUMN id ADD GENERATED BY DEFAULT AS IDENTITY (
    SEQUENCE NAME public.auth_group_permissions_id_seq
    START WITH 1
    INCREMENT BY 1
    NO MINVALUE
    NO MAXVALUE
    CACHE 1
);


--
-- Name: auth_permission; Type: TABLE; Schema: public; Owner: jai_user
--

CREATE TABLE public.auth_permission (
    id integer NOT NULL,
    name character varying(255) NOT NULL,
    content_type_id integer NOT NULL,
    codename character varying(100) NOT NULL
);


ALTER TABLE public.auth_permission OWNER TO jai_user;

--
-- Name: auth_permission_id_seq; Type: SEQUENCE; Schema: public; Owner: jai_user
--

ALTER TABLE public.auth_permission ALTER COLUMN id ADD GENERATED BY DEFAULT AS IDENTITY (
    SEQUENCE NAME public.auth_permission_id_seq
    START WITH 1
    INCREMENT BY 1
    NO MINVALUE
    NO MAXVALUE
    CACHE 1
);


--
-- Name: chat_bottemplate; Type: TABLE; Schema: public; Owner: jai_user
--

CREATE TABLE public.chat_bottemplate (
    id uuid NOT NULL,
    name character varying(100) NOT NULL,
    type character varying(20) NOT NULL,
    prompt_template text NOT NULL,
    temperature double precision,
    top_p double precision,
    top_k integer,
    frequency_penalty double precision,
    presence_penalty double precision,
    created_at timestamp with time zone NOT NULL,
    updated_at timestamp with time zone NOT NULL,
    business_id uuid NOT NULL
);


ALTER TABLE public.chat_bottemplate OWNER TO jai_user;

--
-- Name: chat_business; Type: TABLE; Schema: public; Owner: jai_user
--

CREATE TABLE public.chat_business (
    id uuid NOT NULL,
    name character varying(255) NOT NULL,
    description text,
    created_at timestamp with time zone NOT NULL,
    updated_at timestamp with time zone NOT NULL,
    is_active boolean NOT NULL,
    contact_email character varying(254),
    contact_phone character varying(20),
    address text
);


ALTER TABLE public.chat_business OWNER TO jai_user;

--
-- Name: chat_businessuser; Type: TABLE; Schema: public; Owner: jai_user
--

CREATE TABLE public.chat_businessuser (
    password character varying(128) NOT NULL,
    id uuid NOT NULL,
    email character varying(254) NOT NULL,
    full_name character varying(255) NOT NULL,
    is_active boolean NOT NULL,
    is_staff boolean NOT NULL,
    is_superuser boolean NOT NULL,
    date_joined timestamp with time zone NOT NULL,
    last_login timestamp with time zone,
    phone character varying(20),
    profile_picture character varying(100),
    business_id uuid,
    role_id uuid
);


ALTER TABLE public.chat_businessuser OWNER TO jai_user;

--
-- Name: chat_businessuser_groups; Type: TABLE; Schema: public; Owner: jai_user
--

CREATE TABLE public.chat_businessuser_groups (
    id bigint NOT NULL,
    businessuser_id uuid NOT NULL,
    group_id integer NOT NULL
);


ALTER TABLE public.chat_businessuser_groups OWNER TO jai_user;

--
-- Name: chat_businessuser_groups_id_seq; Type: SEQUENCE; Schema: public; Owner: jai_user
--

ALTER TABLE public.chat_businessuser_groups ALTER COLUMN id ADD GENERATED BY DEFAULT AS IDENTITY (
    SEQUENCE NAME public.chat_businessuser_groups_id_seq
    START WITH 1
    INCREMENT BY 1
    NO MINVALUE
    NO MAXVALUE
    CACHE 1
);


--
-- Name: chat_businessuser_user_permissions; Type: TABLE; Schema: public; Owner: jai_user
--

CREATE TABLE public.chat_businessuser_user_permissions (
    id bigint NOT NULL,
    businessuser_id uuid NOT NULL,
    permission_id integer NOT NULL
);


ALTER TABLE public.chat_businessuser_user_permissions OWNER TO jai_user;

--
-- Name: chat_businessuser_user_permissions_id_seq; Type: SEQUENCE; Schema: public; Owner: jai_user
--

ALTER TABLE public.chat_businessuser_user_permissions ALTER COLUMN id ADD GENERATED BY DEFAULT AS IDENTITY (
    SEQUENCE NAME public.chat_businessuser_user_permissions_id_seq
    START WITH 1
    INCREMENT BY 1
    NO MINVALUE
    NO MAXVALUE
    CACHE 1
);


--
-- Name: chat_chunkingsettings; Type: TABLE; Schema: public; Owner: jai_user
--

CREATE TABLE public.chat_chunkingsettings (
    id uuid NOT NULL,
    entity_type character varying(50) NOT NULL,
    chunk_size integer NOT NULL,
    chunk_overlap integer NOT NULL,
    created_at timestamp with time zone NOT NULL,
    updated_at timestamp with time zone NOT NULL,
    business_id uuid NOT NULL
);


ALTER TABLE public.chat_chunkingsettings OWNER TO jai_user;

--
-- Name: chat_document; Type: TABLE; Schema: public; Owner: jai_user
--

CREATE TABLE public.chat_document (
    id uuid NOT NULL,
    name character varying(255) NOT NULL,
    type character varying(10) NOT NULL,
    file_path character varying(512) NOT NULL,
    file_hash character varying(64) NOT NULL,
    content_text text,
    metadata jsonb NOT NULL,
    created_at timestamp with time zone NOT NULL,
    updated_at timestamp with time zone NOT NULL,
    business_id uuid NOT NULL
);


ALTER TABLE public.chat_document OWNER TO jai_user;

--
-- Name: chat_embedding; Type: TABLE; Schema: public; Owner: jai_user
--

CREATE TABLE public.chat_embedding (
    id uuid NOT NULL,
    vector jsonb NOT NULL,
    content text NOT NULL,
    source_type character varying(20) NOT NULL,
    source_id uuid NOT NULL,
    chunk_index integer,
    metadata jsonb NOT NULL,
    created_at timestamp with time zone NOT NULL,
    updated_at timestamp with time zone NOT NULL,
    business_id uuid NOT NULL
);


ALTER TABLE public.chat_embedding OWNER TO jai_user;

--
-- Name: chat_productserviceitem; Type: TABLE; Schema: public; Owner: jai_user
--

CREATE TABLE public.chat_productserviceitem (
    id uuid NOT NULL,
    name character varying(255) NOT NULL,
    description text,
    category character varying(100),
    price numeric(10,2),
    image_url character varying(200),
    metadata jsonb NOT NULL,
    created_at timestamp with time zone NOT NULL,
    updated_at timestamp with time zone NOT NULL,
    business_id uuid NOT NULL
);


ALTER TABLE public.chat_productserviceitem OWNER TO jai_user;

--
-- Name: chat_role; Type: TABLE; Schema: public; Owner: jai_user
--

CREATE TABLE public.chat_role (
    id uuid NOT NULL,
    name character varying(50) NOT NULL,
    description text NOT NULL,
    permissions jsonb NOT NULL,
    created_at timestamp with time zone NOT NULL,
    is_active boolean NOT NULL
);


ALTER TABLE public.chat_role OWNER TO jai_user;

--
-- Name: chat_useractivitylog; Type: TABLE; Schema: public; Owner: jai_user
--

CREATE TABLE public.chat_useractivitylog (
    id bigint NOT NULL,
    action character varying(255) NOT NULL,
    details jsonb NOT NULL,
    ip_address inet NOT NULL,
    created_at timestamp with time zone NOT NULL,
    user_id uuid NOT NULL
);


ALTER TABLE public.chat_useractivitylog OWNER TO jai_user;

--
-- Name: chat_useractivitylog_id_seq; Type: SEQUENCE; Schema: public; Owner: jai_user
--

ALTER TABLE public.chat_useractivitylog ALTER COLUMN id ADD GENERATED BY DEFAULT AS IDENTITY (
    SEQUENCE NAME public.chat_useractivitylog_id_seq
    START WITH 1
    INCREMENT BY 1
    NO MINVALUE
    NO MAXVALUE
    CACHE 1
);


--
-- Name: django_admin_log; Type: TABLE; Schema: public; Owner: jai_user
--

CREATE TABLE public.django_admin_log (
    id integer NOT NULL,
    action_time timestamp with time zone NOT NULL,
    object_id text,
    object_repr character varying(200) NOT NULL,
    action_flag smallint NOT NULL,
    change_message text NOT NULL,
    content_type_id integer,
    user_id uuid NOT NULL,
    CONSTRAINT django_admin_log_action_flag_check CHECK ((action_flag >= 0))
);


ALTER TABLE public.django_admin_log OWNER TO jai_user;

--
-- Name: django_admin_log_id_seq; Type: SEQUENCE; Schema: public; Owner: jai_user
--

ALTER TABLE public.django_admin_log ALTER COLUMN id ADD GENERATED BY DEFAULT AS IDENTITY (
    SEQUENCE NAME public.django_admin_log_id_seq
    START WITH 1
    INCREMENT BY 1
    NO MINVALUE
    NO MAXVALUE
    CACHE 1
);


--
-- Name: django_content_type; Type: TABLE; Schema: public; Owner: jai_user
--

CREATE TABLE public.django_content_type (
    id integer NOT NULL,
    app_label character varying(100) NOT NULL,
    model character varying(100) NOT NULL
);


ALTER TABLE public.django_content_type OWNER TO jai_user;

--
-- Name: django_content_type_id_seq; Type: SEQUENCE; Schema: public; Owner: jai_user
--

ALTER TABLE public.django_content_type ALTER COLUMN id ADD GENERATED BY DEFAULT AS IDENTITY (
    SEQUENCE NAME public.django_content_type_id_seq
    START WITH 1
    INCREMENT BY 1
    NO MINVALUE
    NO MAXVALUE
    CACHE 1
);


--
-- Name: django_migrations; Type: TABLE; Schema: public; Owner: jai_user
--

CREATE TABLE public.django_migrations (
    id bigint NOT NULL,
    app character varying(255) NOT NULL,
    name character varying(255) NOT NULL,
    applied timestamp with time zone NOT NULL
);


ALTER TABLE public.django_migrations OWNER TO jai_user;

--
-- Name: django_migrations_id_seq; Type: SEQUENCE; Schema: public; Owner: jai_user
--

ALTER TABLE public.django_migrations ALTER COLUMN id ADD GENERATED BY DEFAULT AS IDENTITY (
    SEQUENCE NAME public.django_migrations_id_seq
    START WITH 1
    INCREMENT BY 1
    NO MINVALUE
    NO MAXVALUE
    CACHE 1
);


--
-- Name: django_session; Type: TABLE; Schema: public; Owner: jai_user
--

CREATE TABLE public.django_session (
    session_key character varying(40) NOT NULL,
    session_data text NOT NULL,
    expire_date timestamp with time zone NOT NULL
);


ALTER TABLE public.django_session OWNER TO jai_user;

--
-- Name: token_blacklist_blacklistedtoken; Type: TABLE; Schema: public; Owner: jai_user
--

CREATE TABLE public.token_blacklist_blacklistedtoken (
    id bigint NOT NULL,
    blacklisted_at timestamp with time zone NOT NULL,
    token_id bigint NOT NULL
);


ALTER TABLE public.token_blacklist_blacklistedtoken OWNER TO jai_user;

--
-- Name: token_blacklist_blacklistedtoken_id_seq; Type: SEQUENCE; Schema: public; Owner: jai_user
--

ALTER TABLE public.token_blacklist_blacklistedtoken ALTER COLUMN id ADD GENERATED BY DEFAULT AS IDENTITY (
    SEQUENCE NAME public.token_blacklist_blacklistedtoken_id_seq
    START WITH 1
    INCREMENT BY 1
    NO MINVALUE
    NO MAXVALUE
    CACHE 1
);


--
-- Name: token_blacklist_outstandingtoken; Type: TABLE; Schema: public; Owner: jai_user
--

CREATE TABLE public.token_blacklist_outstandingtoken (
    id bigint NOT NULL,
    token text NOT NULL,
    created_at timestamp with time zone,
    expires_at timestamp with time zone NOT NULL,
    user_id uuid,
    jti character varying(255) NOT NULL
);


ALTER TABLE public.token_blacklist_outstandingtoken OWNER TO jai_user;

--
-- Name: token_blacklist_outstandingtoken_id_seq; Type: SEQUENCE; Schema: public; Owner: jai_user
--

ALTER TABLE public.token_blacklist_outstandingtoken ALTER COLUMN id ADD GENERATED BY DEFAULT AS IDENTITY (
    SEQUENCE NAME public.token_blacklist_outstandingtoken_id_seq
    START WITH 1
    INCREMENT BY 1
    NO MINVALUE
    NO MAXVALUE
    CACHE 1
);


--
-- Data for Name: adminchat_apiroute; Type: TABLE DATA; Schema: public; Owner: jai_user
--

COPY public.adminchat_apiroute (id, path, external_path, method, requires_auth, request_transformation, response_transformation, is_active, created_at, updated_at, config_id) FROM stdin;
\.


--
-- Data for Name: adminchat_externalapiconfig; Type: TABLE DATA; Schema: public; Owner: jai_user
--

COPY public.adminchat_externalapiconfig (id, name, base_url, auth_type, api_key, is_active, created_at, updated_at) FROM stdin;
1	Api Gestion de Documentos	http://embedder.local:8000/api/v1/	none		t	2025-04-30 01:59:41.71518+00	2025-04-30 05:01:17.374907+00
\.


--
-- Data for Name: auth_group; Type: TABLE DATA; Schema: public; Owner: jai_user
--

COPY public.auth_group (id, name) FROM stdin;
\.


--
-- Data for Name: auth_group_permissions; Type: TABLE DATA; Schema: public; Owner: jai_user
--

COPY public.auth_group_permissions (id, group_id, permission_id) FROM stdin;
\.


--
-- Data for Name: auth_permission; Type: TABLE DATA; Schema: public; Owner: jai_user
--

COPY public.auth_permission (id, name, content_type_id, codename) FROM stdin;
1	Can add log entry	1	add_logentry
2	Can change log entry	1	change_logentry
3	Can delete log entry	1	delete_logentry
4	Can view log entry	1	view_logentry
5	Can add permission	2	add_permission
6	Can change permission	2	change_permission
7	Can delete permission	2	delete_permission
8	Can view permission	2	view_permission
9	Can add group	3	add_group
10	Can change group	3	change_group
11	Can delete group	3	delete_group
12	Can view group	3	view_group
13	Can add content type	4	add_contenttype
14	Can change content type	4	change_contenttype
15	Can delete content type	4	delete_contenttype
16	Can view content type	4	view_contenttype
17	Can add session	5	add_session
18	Can change session	5	change_session
19	Can delete session	5	delete_session
20	Can view session	5	view_session
21	Can add blacklisted token	6	add_blacklistedtoken
22	Can change blacklisted token	6	change_blacklistedtoken
23	Can delete blacklisted token	6	delete_blacklistedtoken
24	Can view blacklisted token	6	view_blacklistedtoken
25	Can add outstanding token	7	add_outstandingtoken
26	Can change outstanding token	7	change_outstandingtoken
27	Can delete outstanding token	7	delete_outstandingtoken
28	Can view outstanding token	7	view_outstandingtoken
29	Can add business user	8	add_businessuser
30	Can change business user	8	change_businessuser
31	Can delete business user	8	delete_businessuser
32	Can view business user	8	view_businessuser
33	Can add business	9	add_business
34	Can change business	9	change_business
35	Can delete business	9	delete_business
36	Can view business	9	view_business
37	Can add role	10	add_role
38	Can change role	10	change_role
39	Can delete role	10	delete_role
40	Can view role	10	view_role
41	Can add user activity log	11	add_useractivitylog
42	Can change user activity log	11	change_useractivitylog
43	Can delete user activity log	11	delete_useractivitylog
44	Can view user activity log	11	view_useractivitylog
45	Can add Bot Template	12	add_bottemplate
46	Can change Bot Template	12	change_bottemplate
47	Can delete Bot Template	12	delete_bottemplate
48	Can view Bot Template	12	view_bottemplate
49	Can add Bot Settings	13	add_botsettings
50	Can change Bot Settings	13	change_botsettings
51	Can delete Bot Settings	13	delete_botsettings
52	Can view Bot Settings	13	view_botsettings
53	Can add Chunking Settings	14	add_chunkingsettings
54	Can change Chunking Settings	14	change_chunkingsettings
55	Can delete Chunking Settings	14	delete_chunkingsettings
56	Can view Chunking Settings	14	view_chunkingsettings
57	Can add API Route	15	add_apiroute
58	Can change API Route	15	change_apiroute
59	Can delete API Route	15	delete_apiroute
60	Can view API Route	15	view_apiroute
61	Can add external api config	16	add_externalapiconfig
62	Can change external api config	16	change_externalapiconfig
63	Can delete external api config	16	delete_externalapiconfig
64	Can view external api config	16	view_externalapiconfig
65	Can add Document	17	add_document
66	Can change Document	17	change_document
67	Can delete Document	17	delete_document
68	Can view Document	17	view_document
69	Can add Product/Service Item	18	add_productserviceitem
70	Can change Product/Service Item	18	change_productserviceitem
71	Can delete Product/Service Item	18	delete_productserviceitem
72	Can view Product/Service Item	18	view_productserviceitem
73	Can add Embedding	19	add_embedding
74	Can change Embedding	19	change_embedding
75	Can delete Embedding	19	delete_embedding
76	Can view Embedding	19	view_embedding
\.


--
-- Data for Name: chat_bottemplate; Type: TABLE DATA; Schema: public; Owner: jai_user
--

COPY public.chat_bottemplate (id, name, type, prompt_template, temperature, top_p, top_k, frequency_penalty, presence_penalty, created_at, updated_at, business_id) FROM stdin;
\.


--
-- Data for Name: chat_business; Type: TABLE DATA; Schema: public; Owner: jai_user
--

COPY public.chat_business (id, name, description, created_at, updated_at, is_active, contact_email, contact_phone, address) FROM stdin;
d652eaa8-dd23-42f2-9835-283eaa069be0	JaiExperts	Empresa de Tecnologia	2025-04-25 19:59:29.384758+00	2025-04-25 19:59:29.385303+00	t	\N	\N	\N
10d5730f-844c-406e-a123-8beefe2d6392	la casona	asdasdasdasd	2025-04-26 05:01:09.439287+00	2025-04-26 05:01:09.439319+00	t	\N	\N	\N
3dfc4ba5-4325-4f88-bc1c-ec31c65367e4	otro negocio	asdasda	2025-04-26 05:12:05.800366+00	2025-04-26 05:34:32.451545+00	t	\N	\N	\N
\.


--
-- Data for Name: chat_businessuser; Type: TABLE DATA; Schema: public; Owner: jai_user
--

COPY public.chat_businessuser (password, id, email, full_name, is_active, is_staff, is_superuser, date_joined, last_login, phone, profile_picture, business_id, role_id) FROM stdin;
pbkdf2_sha256$600000$3rlwBlZrLXcaTlu3H8THJI$BeAtx9Y3JYlPPVdmqwytuaA5p99AIZKzxlOglAOwS54=	dc0d760f-db6a-42bb-97a5-5d7ea24aa357	grov1905@gmail.com	Grover Gutierrez	t	t	t	2025-04-25 18:00:30.288685+00	\N	\N		\N	f0cc79b4-d194-4bd6-b5e1-0b6c5bfdc189
pbkdf2_sha256$600000$Gk3KoGIbIhFD1lLPOQXUrL$3vfOR6ch/vbrPhTA2ThQG/t21QikzPOqore9v+jQGr4=	6fdc6ee0-c4c5-4f76-b816-1fcda094fdb9	grov20@gmail.com	juan perez	t	f	f	2025-04-26 23:09:32.116201+00	\N			10d5730f-844c-406e-a123-8beefe2d6392	2cfe4a14-0ecf-4f29-baa4-8568658840e4
pbkdf2_sha256$600000$vRr6vmp6wGa0e6Dng73MZ7$Wv02AXqVT2HpOVKjFLwimDZIZNImV8s7JFXYl2jvrZQ=	fb3142d5-6f61-4371-af5c-4a9434cefb51	grov14@gmail.com	ron juarez	t	f	f	2025-04-29 22:48:45.010556+00	\N			d652eaa8-dd23-42f2-9835-283eaa069be0	f0cc79b4-d194-4bd6-b5e1-0b6c5bfdc189
\.


--
-- Data for Name: chat_businessuser_groups; Type: TABLE DATA; Schema: public; Owner: jai_user
--

COPY public.chat_businessuser_groups (id, businessuser_id, group_id) FROM stdin;
\.


--
-- Data for Name: chat_businessuser_user_permissions; Type: TABLE DATA; Schema: public; Owner: jai_user
--

COPY public.chat_businessuser_user_permissions (id, businessuser_id, permission_id) FROM stdin;
\.


--
-- Data for Name: chat_chunkingsettings; Type: TABLE DATA; Schema: public; Owner: jai_user
--

COPY public.chat_chunkingsettings (id, entity_type, chunk_size, chunk_overlap, created_at, updated_at, business_id) FROM stdin;
3199b206-f191-438b-9186-be16f823d88d	document	100	20	2025-05-01 17:17:34.268184+00	2025-05-01 17:17:34.268423+00	d652eaa8-dd23-42f2-9835-283eaa069be0
\.


--
-- Data for Name: chat_document; Type: TABLE DATA; Schema: public; Owner: jai_user
--

COPY public.chat_document (id, name, type, file_path, file_hash, content_text, metadata, created_at, updated_at, business_id) FROM stdin;
6d8aac55-bdb7-4262-b68e-c0ce8f965490	JAIExperts.docx	docx	s3://jai-docs-storage/documents/d652eaa8-dd23-42f2-9835-283eaa069be0/9dc68e8377fdec9463fafd9cafda9514625ab609882233246c9ece9fae3849ef/JAIExperts.docx	9dc68e8377fdec9463fafd9cafda9514625ab609882233246c9ece9fae3849ef	\N	{}	2025-05-01 06:08:18.667871+00	2025-05-01 06:08:18.667949+00	d652eaa8-dd23-42f2-9835-283eaa069be0
\.


--
-- Data for Name: chat_embedding; Type: TABLE DATA; Schema: public; Owner: jai_user
--

COPY public.chat_embedding (id, vector, content, source_type, source_id, chunk_index, metadata, created_at, updated_at, business_id) FROM stdin;
\.


--
-- Data for Name: chat_productserviceitem; Type: TABLE DATA; Schema: public; Owner: jai_user
--

COPY public.chat_productserviceitem (id, name, description, category, price, image_url, metadata, created_at, updated_at, business_id) FROM stdin;
b3abbc14-95c3-4bcb-9ddc-7731e84477b1	chatbot	ia	IA	0.00	\N	{}	2025-05-01 06:57:20.782472+00	2025-05-01 14:25:13.607545+00	d652eaa8-dd23-42f2-9835-283eaa069be0
\.


--
-- Data for Name: chat_role; Type: TABLE DATA; Schema: public; Owner: jai_user
--

COPY public.chat_role (id, name, description, permissions, created_at, is_active) FROM stdin;
2cfe4a14-0ecf-4f29-baa4-8568658840e4	Gestor de negocios	Administra todos los Negocios	["business.view", "business.edit"]	2025-04-26 06:54:56.044292+00	t
f0cc79b4-d194-4bd6-b5e1-0b6c5bfdc189	Administrador	Rol con acceso completo al sistema	["business.view", "business.edit", "users.view", "users.edit", "roles.view", "roles.edit"]	2025-04-25 18:00:30.283683+00	t
\.


--
-- Data for Name: chat_useractivitylog; Type: TABLE DATA; Schema: public; Owner: jai_user
--

COPY public.chat_useractivitylog (id, action, details, ip_address, created_at, user_id) FROM stdin;
\.


--
-- Data for Name: django_admin_log; Type: TABLE DATA; Schema: public; Owner: jai_user
--

COPY public.django_admin_log (id, action_time, object_id, object_repr, action_flag, change_message, content_type_id, user_id) FROM stdin;
\.


--
-- Data for Name: django_content_type; Type: TABLE DATA; Schema: public; Owner: jai_user
--

COPY public.django_content_type (id, app_label, model) FROM stdin;
1	admin	logentry
2	auth	permission
3	auth	group
4	contenttypes	contenttype
5	sessions	session
6	token_blacklist	blacklistedtoken
7	token_blacklist	outstandingtoken
8	adminchat	businessuser
9	adminchat	business
10	adminchat	role
11	adminchat	useractivitylog
12	adminchat	bottemplate
13	adminchat	botsettings
14	adminchat	chunkingsettings
15	adminchat	apiroute
16	adminchat	externalapiconfig
17	adminchat	document
18	adminchat	productserviceitem
19	adminchat	embedding
\.


--
-- Data for Name: django_migrations; Type: TABLE DATA; Schema: public; Owner: jai_user
--

COPY public.django_migrations (id, app, name, applied) FROM stdin;
1	contenttypes	0001_initial	2025-04-25 17:01:37.751691+00
2	contenttypes	0002_remove_content_type_name	2025-04-25 17:01:37.754193+00
3	auth	0001_initial	2025-04-25 17:01:37.769663+00
4	auth	0002_alter_permission_name_max_length	2025-04-25 17:01:37.771523+00
5	auth	0003_alter_user_email_max_length	2025-04-25 17:01:37.773316+00
6	auth	0004_alter_user_username_opts	2025-04-25 17:01:37.77505+00
7	auth	0005_alter_user_last_login_null	2025-04-25 17:01:37.77666+00
8	auth	0006_require_contenttypes_0002	2025-04-25 17:01:37.777352+00
9	auth	0007_alter_validators_add_error_messages	2025-04-25 17:01:37.779783+00
10	auth	0008_alter_user_username_max_length	2025-04-25 17:01:37.781272+00
11	auth	0009_alter_user_last_name_max_length	2025-04-25 17:01:37.782722+00
12	auth	0010_alter_group_name_max_length	2025-04-25 17:01:37.784455+00
13	auth	0011_update_proxy_permissions	2025-04-25 17:01:37.785904+00
14	auth	0012_alter_user_first_name_max_length	2025-04-25 17:01:37.787332+00
15	adminchat	0001_initial	2025-04-25 17:01:37.815573+00
16	admin	0001_initial	2025-04-25 17:01:37.823504+00
17	admin	0002_logentry_remove_auto_add	2025-04-25 17:01:37.827377+00
18	admin	0003_logentry_add_action_flag_choices	2025-04-25 17:01:37.829951+00
19	sessions	0001_initial	2025-04-25 17:01:37.833866+00
20	token_blacklist	0001_initial	2025-04-25 17:01:37.844343+00
21	token_blacklist	0002_outstandingtoken_jti_hex	2025-04-25 17:01:37.847067+00
22	token_blacklist	0003_auto_20171017_2007	2025-04-25 17:01:37.851314+00
23	token_blacklist	0004_auto_20171017_2013	2025-04-25 17:01:37.855337+00
24	token_blacklist	0005_remove_outstandingtoken_jti	2025-04-25 17:01:37.858181+00
31	adminchat	0002_botsettings_bottemplate	2025-04-26 17:45:48.87201+00
32	adminchat	0003_chunkingsettings	2025-04-27 21:57:58.258462+00
33	adminchat	0004_externalapiconfig_apiroute	2025-04-30 01:54:52.661075+00
34	adminchat	0005_alter_apiroute_options_and_more	2025-04-30 03:53:28.643741+00
35	adminchat	0006_productserviceitem_document	2025-05-01 04:28:11.604965+00
36	adminchat	0007_embedding_embedding_chat_embedd_busines_3d1460_idx_and_more	2025-05-01 15:38:34.863362+00
37	adminchat	0008_add_embedding_dim	2025-05-01 18:19:13.703753+00
38	adminchat	0009_recreate_deleted_table	2025-05-01 18:28:18.968869+00
39	token_blacklist	0006_auto_20171017_2113	2025-05-01 18:36:02.239517+00
40	token_blacklist	0007_auto_20171017_2214	2025-05-01 18:36:02.278653+00
41	token_blacklist	0008_migrate_to_bigautofield	2025-05-01 18:36:02.320669+00
42	token_blacklist	0010_fix_migrate_to_bigautofield	2025-05-01 18:36:02.33228+00
43	token_blacklist	0011_linearizes_history	2025-05-01 18:36:02.333246+00
44	token_blacklist	0012_alter_outstandingtoken_user	2025-05-01 18:36:02.344843+00
\.


--
-- Data for Name: django_session; Type: TABLE DATA; Schema: public; Owner: jai_user
--

COPY public.django_session (session_key, session_data, expire_date) FROM stdin;
\.


--
-- Data for Name: token_blacklist_blacklistedtoken; Type: TABLE DATA; Schema: public; Owner: jai_user
--

COPY public.token_blacklist_blacklistedtoken (id, blacklisted_at, token_id) FROM stdin;
\.


--
-- Data for Name: token_blacklist_outstandingtoken; Type: TABLE DATA; Schema: public; Owner: jai_user
--

COPY public.token_blacklist_outstandingtoken (id, token, created_at, expires_at, user_id, jti) FROM stdin;
1	eyJhbGciOiJIUzI1NiIsInR5cCI6IkpXVCJ9.eyJ0b2tlbl90eXBlIjoicmVmcmVzaCIsImV4cCI6MTc0NTY5MDU3MywiaWF0IjoxNzQ1NjA0MTczLCJqdGkiOiJiNzEyM2Q1YjNjMDg0N2Y4YjM5MTE1YzBlYTkxYTNiNSIsInVzZXJfaWQiOiJkYzBkNzYwZi1kYjZhLTQyYmItOTdhNS01ZDdlYTI0YWEzNTcifQ.APFFF4dw0Zd8ZwVgN08YvlM9bYnr0YgJv7PxJIQZypM	2025-04-25 18:02:53.138446+00	2025-04-26 18:02:53+00	dc0d760f-db6a-42bb-97a5-5d7ea24aa357	b7123d5b3c0847f8b39115c0ea91a3b5
2	eyJhbGciOiJIUzI1NiIsInR5cCI6IkpXVCJ9.eyJ0b2tlbl90eXBlIjoicmVmcmVzaCIsImV4cCI6MTc0NTY5MzE1NiwiaWF0IjoxNzQ1NjA2NzU2LCJqdGkiOiIyMjZlZWMzMGVlNmU0NzViYmIxMTg5YTc1MDhjYmRmNCIsInVzZXJfaWQiOiJkYzBkNzYwZi1kYjZhLTQyYmItOTdhNS01ZDdlYTI0YWEzNTcifQ.zvRT3B3897VoyCt7ZBks1PZ-dlP1zRJ94d2PCp9X2uU	2025-04-25 18:45:56.66048+00	2025-04-26 18:45:56+00	dc0d760f-db6a-42bb-97a5-5d7ea24aa357	226eec30ee6e475bbb1189a7508cbdf4
3	eyJhbGciOiJIUzI1NiIsInR5cCI6IkpXVCJ9.eyJ0b2tlbl90eXBlIjoicmVmcmVzaCIsImV4cCI6MTc0NTY5MzUxOCwiaWF0IjoxNzQ1NjA3MTE4LCJqdGkiOiI0MDEzNmExZDc0ZTM0MWUwYWRmN2UyYThjY2E2ZjY4OSIsInVzZXJfaWQiOiJkYzBkNzYwZi1kYjZhLTQyYmItOTdhNS01ZDdlYTI0YWEzNTcifQ.8hOUgydluWX_W6icx1u5T95j1d8EdPMp_OziLTZIdAQ	2025-04-25 18:51:58.414877+00	2025-04-26 18:51:58+00	dc0d760f-db6a-42bb-97a5-5d7ea24aa357	40136a1d74e341e0adf7e2a8cca6f689
4	eyJhbGciOiJIUzI1NiIsInR5cCI6IkpXVCJ9.eyJ0b2tlbl90eXBlIjoicmVmcmVzaCIsImV4cCI6MTc0NTY5MzkxNSwiaWF0IjoxNzQ1NjA3NTE1LCJqdGkiOiJmZTIzMTdjZGI3OWQ0NjMxYTRhMzQzYTQ0ZWMyZGU1OCIsInVzZXJfaWQiOiJkYzBkNzYwZi1kYjZhLTQyYmItOTdhNS01ZDdlYTI0YWEzNTcifQ.SSjugY72YphvjUbbH-s_rstRA6EJXULkJ5klVstHuRg	2025-04-25 18:58:35.402432+00	2025-04-26 18:58:35+00	dc0d760f-db6a-42bb-97a5-5d7ea24aa357	fe2317cdb79d4631a4a343a44ec2de58
5	eyJhbGciOiJIUzI1NiIsInR5cCI6IkpXVCJ9.eyJ0b2tlbl90eXBlIjoicmVmcmVzaCIsImV4cCI6MTc0NTY5Njg5MiwiaWF0IjoxNzQ1NjEwNDkyLCJqdGkiOiIzNDVlOTYyNWRlN2E0YTBlOGJhYWZiZGUwNjk1Njk0OSIsInVzZXJfaWQiOiJkYzBkNzYwZi1kYjZhLTQyYmItOTdhNS01ZDdlYTI0YWEzNTcifQ.qt2u29VtCHdDCT6ponAgiFNjwDPMkl85M2OqD29541k	2025-04-25 19:48:12.757318+00	2025-04-26 19:48:12+00	dc0d760f-db6a-42bb-97a5-5d7ea24aa357	345e9625de7a4a0e8baafbde06956949
6	eyJhbGciOiJIUzI1NiIsInR5cCI6IkpXVCJ9.eyJ0b2tlbl90eXBlIjoicmVmcmVzaCIsImV4cCI6MTc0NTY5NzUxOSwiaWF0IjoxNzQ1NjExMTE5LCJqdGkiOiI3MTczZjNmODM2MDE0YTAwYWU3ZTA0NTQwYTExYjAyYSIsInVzZXJfaWQiOiJkYzBkNzYwZi1kYjZhLTQyYmItOTdhNS01ZDdlYTI0YWEzNTcifQ.JcVgnnLNvEgbsITRJLm31Qs8HYN6pZazlgaCLpF9VTA	2025-04-25 19:58:39.394612+00	2025-04-26 19:58:39+00	dc0d760f-db6a-42bb-97a5-5d7ea24aa357	7173f3f836014a00ae7e04540a11b02a
7	eyJhbGciOiJIUzI1NiIsInR5cCI6IkpXVCJ9.eyJ0b2tlbl90eXBlIjoicmVmcmVzaCIsImV4cCI6MTc0NTcwMjMxMywiaWF0IjoxNzQ1NjE1OTEzLCJqdGkiOiIyODBmZGFlODIyYWI0MzBhYjE3Y2NmYTQ1OTNlZDMyYiIsInVzZXJfaWQiOiJkYzBkNzYwZi1kYjZhLTQyYmItOTdhNS01ZDdlYTI0YWEzNTcifQ.9QLwy7h4-h44x28_XcrtnYbrWW5SG7STNkm69GF7jXg	2025-04-25 21:18:33.986703+00	2025-04-26 21:18:33+00	dc0d760f-db6a-42bb-97a5-5d7ea24aa357	280fdae822ab430ab17ccfa4593ed32b
8	eyJhbGciOiJIUzI1NiIsInR5cCI6IkpXVCJ9.eyJ0b2tlbl90eXBlIjoicmVmcmVzaCIsImV4cCI6MTc0NTcwMzExNSwiaWF0IjoxNzQ1NjE2NzE1LCJqdGkiOiJiMDAzMjcyOWE1ODg0ZmFlYmQ1MmM0Y2JmZWM2MjRmNiIsInVzZXJfaWQiOiJkYzBkNzYwZi1kYjZhLTQyYmItOTdhNS01ZDdlYTI0YWEzNTcifQ.-PCCkM1pgQPJWKXGB9UyhyMD0oGNkoynClOaihr3chY	2025-04-25 21:31:55.303912+00	2025-04-26 21:31:55+00	dc0d760f-db6a-42bb-97a5-5d7ea24aa357	b0032729a5884faebd52c4cbfec624f6
9	eyJhbGciOiJIUzI1NiIsInR5cCI6IkpXVCJ9.eyJ0b2tlbl90eXBlIjoicmVmcmVzaCIsImV4cCI6MTc0NTcwMzU3NCwiaWF0IjoxNzQ1NjE3MTc0LCJqdGkiOiI5YWQ2ODVhM2YwMDQ0MWY4YjFhZmZhNjliMDRiYzcyNCIsInVzZXJfaWQiOiJkYzBkNzYwZi1kYjZhLTQyYmItOTdhNS01ZDdlYTI0YWEzNTcifQ.LtCgSAArlgGtW_rVMJ74M9VnHjcRHAMGLnveoTKGJtY	2025-04-25 21:39:34.743631+00	2025-04-26 21:39:34+00	dc0d760f-db6a-42bb-97a5-5d7ea24aa357	9ad685a3f00441f8b1affa69b04bc724
10	eyJhbGciOiJIUzI1NiIsInR5cCI6IkpXVCJ9.eyJ0b2tlbl90eXBlIjoicmVmcmVzaCIsImV4cCI6MTc0NTcwMzk2NywiaWF0IjoxNzQ1NjE3NTY3LCJqdGkiOiIxMjdjMDlmYTE2YzA0ZjE0YjVjMDllMDUzYWIxNmNlZiIsInVzZXJfaWQiOiJkYzBkNzYwZi1kYjZhLTQyYmItOTdhNS01ZDdlYTI0YWEzNTcifQ.DHkMPU2VONj8Fcqp79Sz1cg2Rm_Jee8INnnKyhVd0Qs	2025-04-25 21:46:07.853908+00	2025-04-26 21:46:07+00	dc0d760f-db6a-42bb-97a5-5d7ea24aa357	127c09fa16c04f14b5c09e053ab16cef
11	eyJhbGciOiJIUzI1NiIsInR5cCI6IkpXVCJ9.eyJ0b2tlbl90eXBlIjoicmVmcmVzaCIsImV4cCI6MTc0NTcwNTQwMCwiaWF0IjoxNzQ1NjE5MDAwLCJqdGkiOiJiZjNkNmUyYTU4MzI0YzFmODk0YWM3MTgxNjk0ZWJjZiIsInVzZXJfaWQiOiJkYzBkNzYwZi1kYjZhLTQyYmItOTdhNS01ZDdlYTI0YWEzNTcifQ.g_J6I72tpcE3k6qnZ3eMPN9vohvRggEg6iO5SHP6ukQ	2025-04-25 22:10:00.623444+00	2025-04-26 22:10:00+00	dc0d760f-db6a-42bb-97a5-5d7ea24aa357	bf3d6e2a58324c1f894ac7181694ebcf
12	eyJhbGciOiJIUzI1NiIsInR5cCI6IkpXVCJ9.eyJ0b2tlbl90eXBlIjoicmVmcmVzaCIsImV4cCI6MTc0NTcwNjUyOSwiaWF0IjoxNzQ1NjIwMTI5LCJqdGkiOiJhYjU0Yjc1MDY0ZTE0MmIyYjZlNzVkNjA3M2ZiYjc5MSIsInVzZXJfaWQiOiJkYzBkNzYwZi1kYjZhLTQyYmItOTdhNS01ZDdlYTI0YWEzNTcifQ.bwpzqeOJzuTQTchxRkWKguja8exYiC3arVJETDLkYJU	2025-04-25 22:28:49.35771+00	2025-04-26 22:28:49+00	dc0d760f-db6a-42bb-97a5-5d7ea24aa357	ab54b75064e142b2b6e75d6073fbb791
13	eyJhbGciOiJIUzI1NiIsInR5cCI6IkpXVCJ9.eyJ0b2tlbl90eXBlIjoicmVmcmVzaCIsImV4cCI6MTc0NTcwOTgzMywiaWF0IjoxNzQ1NjIzNDMzLCJqdGkiOiI5NmE3MTcxODliNmM0YjI4YjBhMWFmMzJhNDBkZWFiNiIsInVzZXJfaWQiOiJkYzBkNzYwZi1kYjZhLTQyYmItOTdhNS01ZDdlYTI0YWEzNTcifQ.DTbRTj5sEA_whadUpelh9RTNz_WLlTd1elRJOPTk3_A	2025-04-25 23:23:53.519205+00	2025-04-26 23:23:53+00	dc0d760f-db6a-42bb-97a5-5d7ea24aa357	96a717189b6c4b28b0a1af32a40deab6
14	eyJhbGciOiJIUzI1NiIsInR5cCI6IkpXVCJ9.eyJ0b2tlbl90eXBlIjoicmVmcmVzaCIsImV4cCI6MTc0NTcxMDQyMSwiaWF0IjoxNzQ1NjI0MDIxLCJqdGkiOiIyNWFiNjhiNjIxM2U0NzY2YjY0ZTcxOWExNjBmNTdmNSIsInVzZXJfaWQiOiJkYzBkNzYwZi1kYjZhLTQyYmItOTdhNS01ZDdlYTI0YWEzNTcifQ.RCoqETZfBjNzoUUSlhghLeUn-0BH8dAhYoUS-KheVDM	2025-04-25 23:33:41.040063+00	2025-04-26 23:33:41+00	dc0d760f-db6a-42bb-97a5-5d7ea24aa357	25ab68b6213e4766b64e719a160f57f5
15	eyJhbGciOiJIUzI1NiIsInR5cCI6IkpXVCJ9.eyJ0b2tlbl90eXBlIjoicmVmcmVzaCIsImV4cCI6MTc0NTcxMDczNSwiaWF0IjoxNzQ1NjI0MzM1LCJqdGkiOiJhZGRkMzlhNWQ1Yjk0YTZiYjJiZWQ1MTcwZTZmZGVhNSIsInVzZXJfaWQiOiJkYzBkNzYwZi1kYjZhLTQyYmItOTdhNS01ZDdlYTI0YWEzNTcifQ.lqljAoTlyRkNZMgpHWX75QdrMFLPYxgWtQTMRkHKyYU	2025-04-25 23:38:55.740196+00	2025-04-26 23:38:55+00	dc0d760f-db6a-42bb-97a5-5d7ea24aa357	addd39a5d5b94a6bb2bed5170e6fdea5
16	eyJhbGciOiJIUzI1NiIsInR5cCI6IkpXVCJ9.eyJ0b2tlbl90eXBlIjoicmVmcmVzaCIsImV4cCI6MTc0NTcxMTA5OCwiaWF0IjoxNzQ1NjI0Njk4LCJqdGkiOiI3Njc5ZjAyNzgzNGI0NTFkOTIwZGYwY2FmN2I3MzEyNSIsInVzZXJfaWQiOiJkYzBkNzYwZi1kYjZhLTQyYmItOTdhNS01ZDdlYTI0YWEzNTcifQ.k6vnEId_7FM0AMaZ3PYA9ct721pnJc8JvbvLsTNcjxI	2025-04-25 23:44:58.220024+00	2025-04-26 23:44:58+00	dc0d760f-db6a-42bb-97a5-5d7ea24aa357	7679f027834b451d920df0caf7b73125
17	eyJhbGciOiJIUzI1NiIsInR5cCI6IkpXVCJ9.eyJ0b2tlbl90eXBlIjoicmVmcmVzaCIsImV4cCI6MTc0NTcxMTU3NCwiaWF0IjoxNzQ1NjI1MTc0LCJqdGkiOiI3MGZiODIxYWJhOWM0OGZkYWE2NWM5YWIyYjhhYzNiNiIsInVzZXJfaWQiOiJkYzBkNzYwZi1kYjZhLTQyYmItOTdhNS01ZDdlYTI0YWEzNTcifQ.IYFLMp6eAnQt61BL11VHWzyBhciG4fa_VTevLp329gA	2025-04-25 23:52:54.094341+00	2025-04-26 23:52:54+00	dc0d760f-db6a-42bb-97a5-5d7ea24aa357	70fb821aba9c48fdaa65c9ab2b8ac3b6
18	eyJhbGciOiJIUzI1NiIsInR5cCI6IkpXVCJ9.eyJ0b2tlbl90eXBlIjoicmVmcmVzaCIsImV4cCI6MTc0NTcxMTg5NiwiaWF0IjoxNzQ1NjI1NDk2LCJqdGkiOiI0ZTBkMmEwNjcyMjM0ZWMyYjdiNmIyYjc1ZTBkMzFlYyIsInVzZXJfaWQiOiJkYzBkNzYwZi1kYjZhLTQyYmItOTdhNS01ZDdlYTI0YWEzNTcifQ.5PPnWKe4CJBQ1Zwbra2LcPXnZVrTIVWUMP6Y8cX430s	2025-04-25 23:58:16.447225+00	2025-04-26 23:58:16+00	dc0d760f-db6a-42bb-97a5-5d7ea24aa357	4e0d2a0672234ec2b7b6b2b75e0d31ec
19	eyJhbGciOiJIUzI1NiIsInR5cCI6IkpXVCJ9.eyJ0b2tlbl90eXBlIjoicmVmcmVzaCIsImV4cCI6MTc0NTcxMjIyMCwiaWF0IjoxNzQ1NjI1ODIwLCJqdGkiOiJlMmQzZTU2ZmViYjQ0YzJjYTJhMDZlZmE5ZGUxZTFjYiIsInVzZXJfaWQiOiJkYzBkNzYwZi1kYjZhLTQyYmItOTdhNS01ZDdlYTI0YWEzNTcifQ.BB5HFBTTbqZ6u8yrV4rU8CftRorrXG1s5gWuwI0y3QI	2025-04-26 00:03:40.151898+00	2025-04-27 00:03:40+00	dc0d760f-db6a-42bb-97a5-5d7ea24aa357	e2d3e56febb44c2ca2a06efa9de1e1cb
20	eyJhbGciOiJIUzI1NiIsInR5cCI6IkpXVCJ9.eyJ0b2tlbl90eXBlIjoicmVmcmVzaCIsImV4cCI6MTc0NTcxMjUyOSwiaWF0IjoxNzQ1NjI2MTI5LCJqdGkiOiJmNWU3ZTNjMjc3YWI0NDg1Yjk4N2ZkMzg4YmJiOWI1MCIsInVzZXJfaWQiOiJkYzBkNzYwZi1kYjZhLTQyYmItOTdhNS01ZDdlYTI0YWEzNTcifQ.jRly_X8JVFqJu4b6Xu_SWdtYf1ItfIgmYWc_FXJd8vY	2025-04-26 00:08:49.313152+00	2025-04-27 00:08:49+00	dc0d760f-db6a-42bb-97a5-5d7ea24aa357	f5e7e3c277ab4485b987fd388bbb9b50
21	eyJhbGciOiJIUzI1NiIsInR5cCI6IkpXVCJ9.eyJ0b2tlbl90eXBlIjoicmVmcmVzaCIsImV4cCI6MTc0NTcxMjgzOCwiaWF0IjoxNzQ1NjI2NDM4LCJqdGkiOiJlNTM1OWFlZjM5YmE0ZjU4Yjk1NGVkYWE3YjYwOTAzMiIsInVzZXJfaWQiOiJkYzBkNzYwZi1kYjZhLTQyYmItOTdhNS01ZDdlYTI0YWEzNTcifQ.iPnHfQJNDZQ91lQAbxWGpHEX4vqdKgqfbS7S9GBbx0g	2025-04-26 00:13:58.170263+00	2025-04-27 00:13:58+00	dc0d760f-db6a-42bb-97a5-5d7ea24aa357	e5359aef39ba4f58b954edaa7b609032
22	eyJhbGciOiJIUzI1NiIsInR5cCI6IkpXVCJ9.eyJ0b2tlbl90eXBlIjoicmVmcmVzaCIsImV4cCI6MTc0NTcxMzE4MCwiaWF0IjoxNzQ1NjI2NzgwLCJqdGkiOiIwYjAyZTkyMzI1MjI0ZjAwYjFiYjJkN2Y3ZGI1YWJmMSIsInVzZXJfaWQiOiJkYzBkNzYwZi1kYjZhLTQyYmItOTdhNS01ZDdlYTI0YWEzNTcifQ.pczl2Fm6ujh9-v3JlM12EH-j9QE6SK8ne7-4M7icNVk	2025-04-26 00:19:40.107309+00	2025-04-27 00:19:40+00	dc0d760f-db6a-42bb-97a5-5d7ea24aa357	0b02e92325224f00b1bb2d7f7db5abf1
23	eyJhbGciOiJIUzI1NiIsInR5cCI6IkpXVCJ9.eyJ0b2tlbl90eXBlIjoicmVmcmVzaCIsImV4cCI6MTc0NTcxMzYwOCwiaWF0IjoxNzQ1NjI3MjA4LCJqdGkiOiJkNmQ4M2NhOTA3Y2M0MjM0OWM0NTBhYzg2MmYxNzZkZCIsInVzZXJfaWQiOiJkYzBkNzYwZi1kYjZhLTQyYmItOTdhNS01ZDdlYTI0YWEzNTcifQ.tBHCyQ91vwPsYflCgjDgxwI9tZKfOFOSlJFY9t8l2nY	2025-04-26 00:26:48.11801+00	2025-04-27 00:26:48+00	dc0d760f-db6a-42bb-97a5-5d7ea24aa357	d6d83ca907cc42349c450ac862f176dd
24	eyJhbGciOiJIUzI1NiIsInR5cCI6IkpXVCJ9.eyJ0b2tlbl90eXBlIjoicmVmcmVzaCIsImV4cCI6MTc0NTcxMzcxMCwiaWF0IjoxNzQ1NjI3MzEwLCJqdGkiOiJkZjNiOThhY2Q4N2E0MmE2ODZmZGUyNDIyNTNhOTE3ZSIsInVzZXJfaWQiOiJkYzBkNzYwZi1kYjZhLTQyYmItOTdhNS01ZDdlYTI0YWEzNTcifQ.lUxaJ_84G6YYT2M8XiUnPXxRvnU6W63gFJXUOY12WFE	2025-04-26 00:28:30.113499+00	2025-04-27 00:28:30+00	dc0d760f-db6a-42bb-97a5-5d7ea24aa357	df3b98acd87a42a686fde242253a917e
25	eyJhbGciOiJIUzI1NiIsInR5cCI6IkpXVCJ9.eyJ0b2tlbl90eXBlIjoicmVmcmVzaCIsImV4cCI6MTc0NTcxMzkzOSwiaWF0IjoxNzQ1NjI3NTM5LCJqdGkiOiI2MmJkNDBlNDM4MGY0MjdmOTMwYThjYzFlYzI0YjMxNSIsInVzZXJfaWQiOiJkYzBkNzYwZi1kYjZhLTQyYmItOTdhNS01ZDdlYTI0YWEzNTcifQ.YrSzyKY5brSM-OG2mLNY7SowN0_28ZfrzRfgmpWLg7o	2025-04-26 00:32:19.800975+00	2025-04-27 00:32:19+00	dc0d760f-db6a-42bb-97a5-5d7ea24aa357	62bd40e4380f427f930a8cc1ec24b315
26	eyJhbGciOiJIUzI1NiIsInR5cCI6IkpXVCJ9.eyJ0b2tlbl90eXBlIjoicmVmcmVzaCIsImV4cCI6MTc0NTcxNDU2NiwiaWF0IjoxNzQ1NjI4MTY2LCJqdGkiOiIzMmZkNTJjNGE2M2Y0NzcwOWJhMjA2YzE0ZmU2YzY4NSIsInVzZXJfaWQiOiJkYzBkNzYwZi1kYjZhLTQyYmItOTdhNS01ZDdlYTI0YWEzNTcifQ.Yj5bSSGyCYtUSjEq0IX4y1GHFMdP7Q6G-ckhnNZ2u1w	2025-04-26 00:42:46.929442+00	2025-04-27 00:42:46+00	dc0d760f-db6a-42bb-97a5-5d7ea24aa357	32fd52c4a63f47709ba206c14fe6c685
27	eyJhbGciOiJIUzI1NiIsInR5cCI6IkpXVCJ9.eyJ0b2tlbl90eXBlIjoicmVmcmVzaCIsImV4cCI6MTc0NTcxNTQ0NiwiaWF0IjoxNzQ1NjI5MDQ2LCJqdGkiOiI3NjFmMmMzZjBiNDE0MzcxYmQxNzc3MTcyNmQzNGFkMSIsInVzZXJfaWQiOiJkYzBkNzYwZi1kYjZhLTQyYmItOTdhNS01ZDdlYTI0YWEzNTcifQ.jYyBwTCqVjTWhEE3kjL5jiXi2XhaPTwVT3gkwtalFpw	2025-04-26 00:57:26.292696+00	2025-04-27 00:57:26+00	dc0d760f-db6a-42bb-97a5-5d7ea24aa357	761f2c3f0b414371bd17771726d34ad1
28	eyJhbGciOiJIUzI1NiIsInR5cCI6IkpXVCJ9.eyJ0b2tlbl90eXBlIjoicmVmcmVzaCIsImV4cCI6MTc0NTcyOTIyNCwiaWF0IjoxNzQ1NjQyODI0LCJqdGkiOiIxYmM2YjhmMTRkNGI0NzRiYTg3MmE5NjdiMDQzZDhkMSIsInVzZXJfaWQiOiJkYzBkNzYwZi1kYjZhLTQyYmItOTdhNS01ZDdlYTI0YWEzNTcifQ.h60FBRXrj4MGko0N8fUdc8WS1gyD5F5XKbCfD-oBLZo	2025-04-26 04:47:04.698556+00	2025-04-27 04:47:04+00	dc0d760f-db6a-42bb-97a5-5d7ea24aa357	1bc6b8f14d4b474ba872a967b043d8d1
29	eyJhbGciOiJIUzI1NiIsInR5cCI6IkpXVCJ9.eyJ0b2tlbl90eXBlIjoicmVmcmVzaCIsImV4cCI6MTc0NTcyOTUzOSwiaWF0IjoxNzQ1NjQzMTM5LCJqdGkiOiJlZjI1NmUwMDkwMDY0NTk2YjIyMmFiOTFlZDkxYzEwNiIsInVzZXJfaWQiOiJkYzBkNzYwZi1kYjZhLTQyYmItOTdhNS01ZDdlYTI0YWEzNTcifQ.AxQIRZesKyO2Y0Y-sERFzRfnPtzT715Hh1JuKcjB2vA	2025-04-26 04:52:19.128034+00	2025-04-27 04:52:19+00	dc0d760f-db6a-42bb-97a5-5d7ea24aa357	ef256e0090064596b222ab91ed91c106
30	eyJhbGciOiJIUzI1NiIsInR5cCI6IkpXVCJ9.eyJ0b2tlbl90eXBlIjoicmVmcmVzaCIsImV4cCI6MTc0NTcyOTgxMCwiaWF0IjoxNzQ1NjQzNDEwLCJqdGkiOiJkOTEwOGRjMmMzODY0OTJiODkxNDk2YjUyZGMxYWYwMCIsInVzZXJfaWQiOiJkYzBkNzYwZi1kYjZhLTQyYmItOTdhNS01ZDdlYTI0YWEzNTcifQ.OIb375exyZQ9fD3dyAr8JFt0gspMQAoNaknFjogsgf8	2025-04-26 04:56:50.927617+00	2025-04-27 04:56:50+00	dc0d760f-db6a-42bb-97a5-5d7ea24aa357	d9108dc2c386492b891496b52dc1af00
31	eyJhbGciOiJIUzI1NiIsInR5cCI6IkpXVCJ9.eyJ0b2tlbl90eXBlIjoicmVmcmVzaCIsImV4cCI6MTc0NTczMDQ1MiwiaWF0IjoxNzQ1NjQ0MDUyLCJqdGkiOiIyZGEyNThjMWJlOTk0NzNhOTk0MDUwMWNmZDIyZWE5YyIsInVzZXJfaWQiOiJkYzBkNzYwZi1kYjZhLTQyYmItOTdhNS01ZDdlYTI0YWEzNTcifQ.Woj-nOOh2iN2x5AgcguYzvVRfZxEwHhsnqR3TpFMQ-4	2025-04-26 05:07:32.883249+00	2025-04-27 05:07:32+00	dc0d760f-db6a-42bb-97a5-5d7ea24aa357	2da258c1be99473a9940501cfd22ea9c
32	eyJhbGciOiJIUzI1NiIsInR5cCI6IkpXVCJ9.eyJ0b2tlbl90eXBlIjoicmVmcmVzaCIsImV4cCI6MTc0NTczMDg1MCwiaWF0IjoxNzQ1NjQ0NDUwLCJqdGkiOiIwNjQxMjQ1ZWU4ZjU0NGFmYTE1MjNjZmZmYmE0M2QzNCIsInVzZXJfaWQiOiJkYzBkNzYwZi1kYjZhLTQyYmItOTdhNS01ZDdlYTI0YWEzNTcifQ.2UyGnlQAX8-GO-jU9yTkqzv5r_brhTxcHpMS0M4RdXs	2025-04-26 05:14:10.026936+00	2025-04-27 05:14:10+00	dc0d760f-db6a-42bb-97a5-5d7ea24aa357	0641245ee8f544afa1523cfffba43d34
33	eyJhbGciOiJIUzI1NiIsInR5cCI6IkpXVCJ9.eyJ0b2tlbl90eXBlIjoicmVmcmVzaCIsImV4cCI6MTc0NTczMjA1NywiaWF0IjoxNzQ1NjQ1NjU3LCJqdGkiOiJmOWQyYmQ3ZGZkNDU0MWU1YjA4MjhmMTdhYzc2MDg4OCIsInVzZXJfaWQiOiJkYzBkNzYwZi1kYjZhLTQyYmItOTdhNS01ZDdlYTI0YWEzNTcifQ.eHMmArJcwD2oRB-RThHB_-eZFkluxReUvow0sU3BYGg	2025-04-26 05:34:17.143669+00	2025-04-27 05:34:17+00	dc0d760f-db6a-42bb-97a5-5d7ea24aa357	f9d2bd7dfd4541e5b0828f17ac760888
34	eyJhbGciOiJIUzI1NiIsInR5cCI6IkpXVCJ9.eyJ0b2tlbl90eXBlIjoicmVmcmVzaCIsImV4cCI6MTc0NTczMjYwMiwiaWF0IjoxNzQ1NjQ2MjAyLCJqdGkiOiJiZTYzYjVmNzZiYTA0ZGI0YWFkMzMyZTVkNjlhN2IwOSIsInVzZXJfaWQiOiJkYzBkNzYwZi1kYjZhLTQyYmItOTdhNS01ZDdlYTI0YWEzNTcifQ.ly0PIJ7cG7SxWIF4073BpiKMKPaKdQaCr98b8ol92r4	2025-04-26 05:43:22.261089+00	2025-04-27 05:43:22+00	dc0d760f-db6a-42bb-97a5-5d7ea24aa357	be63b5f76ba04db4aad332e5d69a7b09
35	eyJhbGciOiJIUzI1NiIsInR5cCI6IkpXVCJ9.eyJ0b2tlbl90eXBlIjoicmVmcmVzaCIsImV4cCI6MTc0NTczMzA0OCwiaWF0IjoxNzQ1NjQ2NjQ4LCJqdGkiOiJjNmViZWViMjI3ODk0MmMyYWZkNDUwYzRiMjQ0ZGRkZSIsInVzZXJfaWQiOiJkYzBkNzYwZi1kYjZhLTQyYmItOTdhNS01ZDdlYTI0YWEzNTcifQ.NVSUYhtyFo645gyjeYhXfOaJsFBJSwmM_uBUE2F7uv8	2025-04-26 05:50:48.140666+00	2025-04-27 05:50:48+00	dc0d760f-db6a-42bb-97a5-5d7ea24aa357	c6ebeeb2278942c2afd450c4b244ddde
36	eyJhbGciOiJIUzI1NiIsInR5cCI6IkpXVCJ9.eyJ0b2tlbl90eXBlIjoicmVmcmVzaCIsImV4cCI6MTc0NTczMzEzMSwiaWF0IjoxNzQ1NjQ2NzMxLCJqdGkiOiI2ZGJmYTE5OGYxNTg0MjYwYmZhMWFlMDhjMTkxZmY4OCIsInVzZXJfaWQiOiJkYzBkNzYwZi1kYjZhLTQyYmItOTdhNS01ZDdlYTI0YWEzNTcifQ.o9Sobu5k-RfjLw6Cq_yBr9xzN9eva-68EIAFi9o53xw	2025-04-26 05:52:11.548187+00	2025-04-27 05:52:11+00	dc0d760f-db6a-42bb-97a5-5d7ea24aa357	6dbfa198f1584260bfa1ae08c191ff88
37	eyJhbGciOiJIUzI1NiIsInR5cCI6IkpXVCJ9.eyJ0b2tlbl90eXBlIjoicmVmcmVzaCIsImV4cCI6MTc0NTczMzM2MCwiaWF0IjoxNzQ1NjQ2OTYwLCJqdGkiOiIzOGZhYzM3Mjg3M2Q0N2FhYmM2YjQ4MjdhMTY4Y2ZiMyIsInVzZXJfaWQiOiJkYzBkNzYwZi1kYjZhLTQyYmItOTdhNS01ZDdlYTI0YWEzNTcifQ.-cyY1nPauU23lPZArvcSDOfkZVCGCJTcVi4mK8EMNP4	2025-04-26 05:56:00.358713+00	2025-04-27 05:56:00+00	dc0d760f-db6a-42bb-97a5-5d7ea24aa357	38fac372873d47aabc6b4827a168cfb3
38	eyJhbGciOiJIUzI1NiIsInR5cCI6IkpXVCJ9.eyJ0b2tlbl90eXBlIjoicmVmcmVzaCIsImV4cCI6MTc0NTczNjYyMCwiaWF0IjoxNzQ1NjUwMjIwLCJqdGkiOiI5YzJiMTBjYjQ5YjM0YzNhYmFlZDUyYjY1ODk0M2E0OCIsInVzZXJfaWQiOiJkYzBkNzYwZi1kYjZhLTQyYmItOTdhNS01ZDdlYTI0YWEzNTcifQ.MWOWrJBmayozXWVmTvM_JvSSgUzI8HkelgUDRTcCkEk	2025-04-26 06:50:20.498674+00	2025-04-27 06:50:20+00	dc0d760f-db6a-42bb-97a5-5d7ea24aa357	9c2b10cb49b34c3abaed52b658943a48
39	eyJhbGciOiJIUzI1NiIsInR5cCI6IkpXVCJ9.eyJ0b2tlbl90eXBlIjoicmVmcmVzaCIsImV4cCI6MTc0NTczNjkzNCwiaWF0IjoxNzQ1NjUwNTM0LCJqdGkiOiJhYjA4MTE0MmYzZTg0MjIyODgyMWFjZTE1NzFhMmQ0MCIsInVzZXJfaWQiOiJkYzBkNzYwZi1kYjZhLTQyYmItOTdhNS01ZDdlYTI0YWEzNTcifQ.QCK2XTxkbZUZS-BvkqCBQr-LLDG60F139v72anJKDxc	2025-04-26 06:55:34.738983+00	2025-04-27 06:55:34+00	dc0d760f-db6a-42bb-97a5-5d7ea24aa357	ab081142f3e842228821ace1571a2d40
40	eyJhbGciOiJIUzI1NiIsInR5cCI6IkpXVCJ9.eyJ0b2tlbl90eXBlIjoicmVmcmVzaCIsImV4cCI6MTc0NTczNzI4OSwiaWF0IjoxNzQ1NjUwODg5LCJqdGkiOiIxMTJiMzY2OWRkYWU0NTJmYmMxNjU5Yjk4MjhhMTA2NiIsInVzZXJfaWQiOiJkYzBkNzYwZi1kYjZhLTQyYmItOTdhNS01ZDdlYTI0YWEzNTcifQ.-4gR0pPsjJbmDGT5LUNhdhFDBJybFq8KMgS_Lbh1taY	2025-04-26 07:01:29.874089+00	2025-04-27 07:01:29+00	dc0d760f-db6a-42bb-97a5-5d7ea24aa357	112b3669ddae452fbc1659b9828a1066
41	eyJhbGciOiJIUzI1NiIsInR5cCI6IkpXVCJ9.eyJ0b2tlbl90eXBlIjoicmVmcmVzaCIsImV4cCI6MTc0NTczNzk4MiwiaWF0IjoxNzQ1NjUxNTgyLCJqdGkiOiJmMzgwZjU4NDEzZDE0MjEyODJmY2M4NGJjYzY5NjI0NCIsInVzZXJfaWQiOiJkYzBkNzYwZi1kYjZhLTQyYmItOTdhNS01ZDdlYTI0YWEzNTcifQ.6kU1Dogujak1ZQu3My57fTjiYTrat_sYtyaWWa0ov5A	2025-04-26 07:13:02.940437+00	2025-04-27 07:13:02+00	dc0d760f-db6a-42bb-97a5-5d7ea24aa357	f380f58413d1421282fcc84bcc696244
42	eyJhbGciOiJIUzI1NiIsInR5cCI6IkpXVCJ9.eyJ0b2tlbl90eXBlIjoicmVmcmVzaCIsImV4cCI6MTc0NTczODg5NSwiaWF0IjoxNzQ1NjUyNDk1LCJqdGkiOiI3ZjgzYTU1NzhkZGY0YjAzYjViMTQ4YWE4ZDcyMzUzOCIsInVzZXJfaWQiOiJkYzBkNzYwZi1kYjZhLTQyYmItOTdhNS01ZDdlYTI0YWEzNTcifQ.Tk1b05YMPb9pREllx1bouC3lRiYymI6XAa_QbuzLYcQ	2025-04-26 07:28:15.299936+00	2025-04-27 07:28:15+00	dc0d760f-db6a-42bb-97a5-5d7ea24aa357	7f83a5578ddf4b03b5b148aa8d723538
43	eyJhbGciOiJIUzI1NiIsInR5cCI6IkpXVCJ9.eyJ0b2tlbl90eXBlIjoicmVmcmVzaCIsImV4cCI6MTc0NTczOTM2MSwiaWF0IjoxNzQ1NjUyOTYxLCJqdGkiOiJhOWE4ODU3MTc0NmI0NDExODVjNjExNDIwODZmMjUyZCIsInVzZXJfaWQiOiJkYzBkNzYwZi1kYjZhLTQyYmItOTdhNS01ZDdlYTI0YWEzNTcifQ.Esr5UGpQ4aNJiH4AeZH5ELwB7kGbeU2mHDj1_Ky-diM	2025-04-26 07:36:01.770249+00	2025-04-27 07:36:01+00	dc0d760f-db6a-42bb-97a5-5d7ea24aa357	a9a88571746b441185c61142086f252d
44	eyJhbGciOiJIUzI1NiIsInR5cCI6IkpXVCJ9.eyJ0b2tlbl90eXBlIjoicmVmcmVzaCIsImV4cCI6MTc0NTc2MDM5MSwiaWF0IjoxNzQ1NjczOTkxLCJqdGkiOiJmMzQ3NTNiZDZmZDY0NGZkODdmNWZiMGQ3YzI3Mjc2NyIsInVzZXJfaWQiOiJkYzBkNzYwZi1kYjZhLTQyYmItOTdhNS01ZDdlYTI0YWEzNTcifQ.NolPNrQ5v2EMKXAMAxGqewIa-IrHTQCFIKFNUf2nqYE	2025-04-26 13:26:31.451617+00	2025-04-27 13:26:31+00	dc0d760f-db6a-42bb-97a5-5d7ea24aa357	f34753bd6fd644fd87f5fb0d7c272767
45	eyJhbGciOiJIUzI1NiIsInR5cCI6IkpXVCJ9.eyJ0b2tlbl90eXBlIjoicmVmcmVzaCIsImV4cCI6MTc0NTc4MTEyNCwiaWF0IjoxNzQ1Njk0NzI0LCJqdGkiOiI1NDUxMWZlMGQ5NTk0ZTExYjMzNjhhYjg2NDg1MmNhNSIsInVzZXJfaWQiOiJkYzBkNzYwZi1kYjZhLTQyYmItOTdhNS01ZDdlYTI0YWEzNTcifQ.j1bzU9tMp12uypnrE54Zap_l8PQEER84XJ26qj1mp1A	2025-04-26 19:12:04.372936+00	2025-04-27 19:12:04+00	dc0d760f-db6a-42bb-97a5-5d7ea24aa357	54511fe0d9594e11b3368ab864852ca5
46	eyJhbGciOiJIUzI1NiIsInR5cCI6IkpXVCJ9.eyJ0b2tlbl90eXBlIjoicmVmcmVzaCIsImV4cCI6MTc0NTc4MjMxOSwiaWF0IjoxNzQ1Njk1OTE5LCJqdGkiOiI3NTQ3MjFhNGRjODQ0YjFlOTYxMjllZGM3ZDgwMTg1NCIsInVzZXJfaWQiOiJkYzBkNzYwZi1kYjZhLTQyYmItOTdhNS01ZDdlYTI0YWEzNTcifQ.nqX0W1w0BT4hwbERQGSqLY0PcVgNBFsWkI4Ci-1RCAw	2025-04-26 19:31:59.456277+00	2025-04-27 19:31:59+00	dc0d760f-db6a-42bb-97a5-5d7ea24aa357	754721a4dc844b1e96129edc7d801854
47	eyJhbGciOiJIUzI1NiIsInR5cCI6IkpXVCJ9.eyJ0b2tlbl90eXBlIjoicmVmcmVzaCIsImV4cCI6MTc0NTc4Njg1MSwiaWF0IjoxNzQ1NzAwNDUxLCJqdGkiOiI3MWZkNDI5YWVlYzk0Y2E0OWZmOGZiZmYyOWJhYzAyMCIsInVzZXJfaWQiOiJkYzBkNzYwZi1kYjZhLTQyYmItOTdhNS01ZDdlYTI0YWEzNTcifQ.0spwm6bLiqxptmVvdi4dl7uSGYfZcOXGLb2JI0Dtq2M	2025-04-26 20:47:31.259334+00	2025-04-27 20:47:31+00	dc0d760f-db6a-42bb-97a5-5d7ea24aa357	71fd429aeec94ca49ff8fbff29bac020
48	eyJhbGciOiJIUzI1NiIsInR5cCI6IkpXVCJ9.eyJ0b2tlbl90eXBlIjoicmVmcmVzaCIsImV4cCI6MTc0NTc5NDcwMCwiaWF0IjoxNzQ1NzA4MzAwLCJqdGkiOiI3NmY1ZTI5ZWQ2NWM0YTYxOTNlYTJmMjY0ODMwNDNjMiIsInVzZXJfaWQiOiJkYzBkNzYwZi1kYjZhLTQyYmItOTdhNS01ZDdlYTI0YWEzNTcifQ.IjDTUHRkmonsP8Gxf6dofRTWNTtXUempkVzwl_lyPmE	2025-04-26 22:58:20.523344+00	2025-04-27 22:58:20+00	dc0d760f-db6a-42bb-97a5-5d7ea24aa357	76f5e29ed65c4a6193ea2f26483043c2
49	eyJhbGciOiJIUzI1NiIsInR5cCI6IkpXVCJ9.eyJ0b2tlbl90eXBlIjoicmVmcmVzaCIsImV4cCI6MTc0NTc5NDc4MSwiaWF0IjoxNzQ1NzA4MzgxLCJqdGkiOiI3NTNkMjI3OTc3MjA0MDE2YTBiNjEzZmQ5M2VmMmZlNSIsInVzZXJfaWQiOiJkYzBkNzYwZi1kYjZhLTQyYmItOTdhNS01ZDdlYTI0YWEzNTcifQ.1fABOqvld2sDRAKQTB06BsKuSV1h_H_ZFjVS3GCI9x8	2025-04-26 22:59:41.461492+00	2025-04-27 22:59:41+00	dc0d760f-db6a-42bb-97a5-5d7ea24aa357	753d227977204016a0b613fd93ef2fe5
50	eyJhbGciOiJIUzI1NiIsInR5cCI6IkpXVCJ9.eyJ0b2tlbl90eXBlIjoicmVmcmVzaCIsImV4cCI6MTc0NTc5NTE1MCwiaWF0IjoxNzQ1NzA4NzUwLCJqdGkiOiI0ZDc2ZGJiYWMzNzM0OThjYTllNDNlNzc0YjU3NGJhMCIsInVzZXJfaWQiOiJkYzBkNzYwZi1kYjZhLTQyYmItOTdhNS01ZDdlYTI0YWEzNTcifQ.o36qfKC-rludvtaEqPaWPQwE4FQoEVlifwsus6aTUm8	2025-04-26 23:05:50.008497+00	2025-04-27 23:05:50+00	dc0d760f-db6a-42bb-97a5-5d7ea24aa357	4d76dbbac373498ca9e43e774b574ba0
51	eyJhbGciOiJIUzI1NiIsInR5cCI6IkpXVCJ9.eyJ0b2tlbl90eXBlIjoicmVmcmVzaCIsImV4cCI6MTc0NTc5NTMzNCwiaWF0IjoxNzQ1NzA4OTM0LCJqdGkiOiIwNDE2MmI1MDhkNGI0NTliYjhmODBhNjlmZjIxODBjOCIsInVzZXJfaWQiOiJkYzBkNzYwZi1kYjZhLTQyYmItOTdhNS01ZDdlYTI0YWEzNTcifQ.mgHLOI_nRmGWOrRyb9zjA0fUdUkoJGOCnyl2KeemALQ	2025-04-26 23:08:54.584469+00	2025-04-27 23:08:54+00	dc0d760f-db6a-42bb-97a5-5d7ea24aa357	04162b508d4b459bb8f80a69ff2180c8
52	eyJhbGciOiJIUzI1NiIsInR5cCI6IkpXVCJ9.eyJ0b2tlbl90eXBlIjoicmVmcmVzaCIsImV4cCI6MTc0NTc5NTU3MiwiaWF0IjoxNzQ1NzA5MTcyLCJqdGkiOiI5Y2QxODVkNGRiYjc0OTgxYTY2NWYyMjQ3YWMzYWI2ZSIsInVzZXJfaWQiOiJkYzBkNzYwZi1kYjZhLTQyYmItOTdhNS01ZDdlYTI0YWEzNTcifQ.VCOKP6QzRLZKBv9j9mardNBbUS_Z9AnVthkC_7rYVdc	2025-04-26 23:12:52.977864+00	2025-04-27 23:12:52+00	dc0d760f-db6a-42bb-97a5-5d7ea24aa357	9cd185d4dbb74981a665f2247ac3ab6e
53	eyJhbGciOiJIUzI1NiIsInR5cCI6IkpXVCJ9.eyJ0b2tlbl90eXBlIjoicmVmcmVzaCIsImV4cCI6MTc0NTc5NTU3OSwiaWF0IjoxNzQ1NzA5MTc5LCJqdGkiOiIxODE3NmY3NDM5YWE0NDA3OTA0MTczNGU3MDgyZGZiOCIsInVzZXJfaWQiOiI2ZmRjNmVlMC1jNGM1LTRmNzYtYjgxNi0xZmNkYTA5NGZkYjkifQ.2qqonf4opBDNPMS0kxxeldYs8PpSUbg6Afr-7K_22cs	2025-04-26 23:12:59.797335+00	2025-04-27 23:12:59+00	6fdc6ee0-c4c5-4f76-b816-1fcda094fdb9	18176f7439aa44079041734e7082dfb8
54	eyJhbGciOiJIUzI1NiIsInR5cCI6IkpXVCJ9.eyJ0b2tlbl90eXBlIjoicmVmcmVzaCIsImV4cCI6MTc0NTg1MTM0MywiaWF0IjoxNzQ1NzY0OTQzLCJqdGkiOiJlOWQ5YzliNDIwMTA0ZTE4YTY4YzBiODc1M2UxNTA0NyIsInVzZXJfaWQiOiJkYzBkNzYwZi1kYjZhLTQyYmItOTdhNS01ZDdlYTI0YWEzNTcifQ.vHcxkRJ-pJQZX4TlDS-85uYcNHATLICUQPciHfG0zcc	2025-04-27 14:42:23.269336+00	2025-04-28 14:42:23+00	dc0d760f-db6a-42bb-97a5-5d7ea24aa357	e9d9c9b420104e18a68c0b8753e15047
55	eyJhbGciOiJIUzI1NiIsInR5cCI6IkpXVCJ9.eyJ0b2tlbl90eXBlIjoicmVmcmVzaCIsImV4cCI6MTc0NTg1MTM1MywiaWF0IjoxNzQ1NzY0OTUzLCJqdGkiOiI0MjQ1N2RiN2M5N2M0OGVlYWY5OTk2OWZmZTQ3ZGY0NiIsInVzZXJfaWQiOiJkYzBkNzYwZi1kYjZhLTQyYmItOTdhNS01ZDdlYTI0YWEzNTcifQ.R6ui6O8hXipTKVrnxI3TV8WNjseRqSTvoUeymyuHsiY	2025-04-27 14:42:33.852636+00	2025-04-28 14:42:33+00	dc0d760f-db6a-42bb-97a5-5d7ea24aa357	42457db7c97c48eeaf99969ffe47df46
56	eyJhbGciOiJIUzI1NiIsInR5cCI6IkpXVCJ9.eyJ0b2tlbl90eXBlIjoicmVmcmVzaCIsImV4cCI6MTc0NTg1MTM5NywiaWF0IjoxNzQ1NzY0OTk3LCJqdGkiOiI0MDViMjg5MzZmNGY0MGY4YTUzZTAzNWZjZWFkYzVjMiIsInVzZXJfaWQiOiI2ZmRjNmVlMC1jNGM1LTRmNzYtYjgxNi0xZmNkYTA5NGZkYjkifQ.sw6VT2fkcGBI_SHJcssX0mozLqe9MYVzQTWmw3KDC8Q	2025-04-27 14:43:17.830657+00	2025-04-28 14:43:17+00	6fdc6ee0-c4c5-4f76-b816-1fcda094fdb9	405b28936f4f40f8a53e035fceadc5c2
57	eyJhbGciOiJIUzI1NiIsInR5cCI6IkpXVCJ9.eyJ0b2tlbl90eXBlIjoicmVmcmVzaCIsImV4cCI6MTc0NTg1MTQ0OSwiaWF0IjoxNzQ1NzY1MDQ5LCJqdGkiOiJkZDgzMmYzODY1OWM0NTE1ODcwNjZmNDE5MDEzZDA5MCIsInVzZXJfaWQiOiJkYzBkNzYwZi1kYjZhLTQyYmItOTdhNS01ZDdlYTI0YWEzNTcifQ.v4nU9vB8yTvu5PVjyZKPFnpwxIHJyWtCXd4_oLz1D04	2025-04-27 14:44:09.257998+00	2025-04-28 14:44:09+00	dc0d760f-db6a-42bb-97a5-5d7ea24aa357	dd832f38659c451587066f419013d090
58	eyJhbGciOiJIUzI1NiIsInR5cCI6IkpXVCJ9.eyJ0b2tlbl90eXBlIjoicmVmcmVzaCIsImV4cCI6MTc0NTg1MjU0NSwiaWF0IjoxNzQ1NzY2MTQ1LCJqdGkiOiIyMmM1M2UzNGViYmQ0NGVhOTkyNmM5ZWM2N2IzY2M1NCIsInVzZXJfaWQiOiJkYzBkNzYwZi1kYjZhLTQyYmItOTdhNS01ZDdlYTI0YWEzNTcifQ._mHmwpBaMgkMGm5dIvu0GGMPM1_bsqiym7qToF01S5E	2025-04-27 15:02:25.996922+00	2025-04-28 15:02:25+00	dc0d760f-db6a-42bb-97a5-5d7ea24aa357	22c53e34ebbd44ea9926c9ec67b3cc54
59	eyJhbGciOiJIUzI1NiIsInR5cCI6IkpXVCJ9.eyJ0b2tlbl90eXBlIjoicmVmcmVzaCIsImV4cCI6MTc0NTg1MjU2NSwiaWF0IjoxNzQ1NzY2MTY1LCJqdGkiOiIxYjQwOTU0OGQ1YTQ0YzA5YjU1NDkxNmI5ZmYyOWM1YiIsInVzZXJfaWQiOiJkYzBkNzYwZi1kYjZhLTQyYmItOTdhNS01ZDdlYTI0YWEzNTcifQ.tqxtOmBufDKMRpLcOqRV-MvDeH4fbKm5Ll90lHcmm9E	2025-04-27 15:02:45.228857+00	2025-04-28 15:02:45+00	dc0d760f-db6a-42bb-97a5-5d7ea24aa357	1b409548d5a44c09b554916b9ff29c5b
60	eyJhbGciOiJIUzI1NiIsInR5cCI6IkpXVCJ9.eyJ0b2tlbl90eXBlIjoicmVmcmVzaCIsImV4cCI6MTc0NTg1MjU5MiwiaWF0IjoxNzQ1NzY2MTkyLCJqdGkiOiI5YTczM2Q0YjNmNWQ0NTAwOWU2MzBkNTkxZWYxZjdhYSIsInVzZXJfaWQiOiJkYzBkNzYwZi1kYjZhLTQyYmItOTdhNS01ZDdlYTI0YWEzNTcifQ.Ocli9f-DdEEXJwg-Ywsg3IomJ3KR7EtRq3jStyu1-eU	2025-04-27 15:03:12.973428+00	2025-04-28 15:03:12+00	dc0d760f-db6a-42bb-97a5-5d7ea24aa357	9a733d4b3f5d45009e630d591ef1f7aa
61	eyJhbGciOiJIUzI1NiIsInR5cCI6IkpXVCJ9.eyJ0b2tlbl90eXBlIjoicmVmcmVzaCIsImV4cCI6MTc0NTg1MzA5NywiaWF0IjoxNzQ1NzY2Njk3LCJqdGkiOiJkYjMxOGZjOTY4N2M0YzJkOWY3Zjk0ZTljNjY0ZDUzMiIsInVzZXJfaWQiOiJkYzBkNzYwZi1kYjZhLTQyYmItOTdhNS01ZDdlYTI0YWEzNTcifQ.Ucml8tdq8jPM1qVwMpbOB2yL75Akwee3xvxUVpSm5mo	2025-04-27 15:11:37.063468+00	2025-04-28 15:11:37+00	dc0d760f-db6a-42bb-97a5-5d7ea24aa357	db318fc9687c4c2d9f7f94e9c664d532
62	eyJhbGciOiJIUzI1NiIsInR5cCI6IkpXVCJ9.eyJ0b2tlbl90eXBlIjoicmVmcmVzaCIsImV4cCI6MTc0NTg1MzE2MCwiaWF0IjoxNzQ1NzY2NzYwLCJqdGkiOiI1NTQxMTI0YzE1ZDU0YjNmOWQyMzJmN2IyMGNjNmFjNyIsInVzZXJfaWQiOiI2ZmRjNmVlMC1jNGM1LTRmNzYtYjgxNi0xZmNkYTA5NGZkYjkifQ.23-EYmm8LJlvQ2I5_SmBWZqBuAvvVxcA89TzRa1Vv88	2025-04-27 15:12:40.197504+00	2025-04-28 15:12:40+00	6fdc6ee0-c4c5-4f76-b816-1fcda094fdb9	5541124c15d54b3f9d232f7b20cc6ac7
63	eyJhbGciOiJIUzI1NiIsInR5cCI6IkpXVCJ9.eyJ0b2tlbl90eXBlIjoicmVmcmVzaCIsImV4cCI6MTc0NTg1NDA0NCwiaWF0IjoxNzQ1NzY3NjQ0LCJqdGkiOiJhYWEwZjkyZGE1OGQ0MjU3YTE2NGQyOGU2NTAzMGM5ZCIsInVzZXJfaWQiOiI2ZmRjNmVlMC1jNGM1LTRmNzYtYjgxNi0xZmNkYTA5NGZkYjkifQ.qtJR3onvb1Hd-b_fX-X3ukWgwsOinPFUwC01KoTQuTk	2025-04-27 15:27:24.639581+00	2025-04-28 15:27:24+00	6fdc6ee0-c4c5-4f76-b816-1fcda094fdb9	aaa0f92da58d4257a164d28e65030c9d
64	eyJhbGciOiJIUzI1NiIsInR5cCI6IkpXVCJ9.eyJ0b2tlbl90eXBlIjoicmVmcmVzaCIsImV4cCI6MTc0NTg1NDExMywiaWF0IjoxNzQ1NzY3NzEzLCJqdGkiOiIyZDE1ODVhZWE4Nzc0ZDhiYTYzMWM1MDJkOGEzZDcyYyIsInVzZXJfaWQiOiI2ZmRjNmVlMC1jNGM1LTRmNzYtYjgxNi0xZmNkYTA5NGZkYjkifQ.f_lLWeIc5ALovNRjhxF1p6AHym_CZ5OiAqayUz3rwfI	2025-04-27 15:28:33.406971+00	2025-04-28 15:28:33+00	6fdc6ee0-c4c5-4f76-b816-1fcda094fdb9	2d1585aea8774d8ba631c502d8a3d72c
65	eyJhbGciOiJIUzI1NiIsInR5cCI6IkpXVCJ9.eyJ0b2tlbl90eXBlIjoicmVmcmVzaCIsImV4cCI6MTc0NTg1NTI0OCwiaWF0IjoxNzQ1NzY4ODQ4LCJqdGkiOiIzNDZmNzUwNTBiYjU0YzU4ODM2Y2UyNjE0ZDViMWY0YSIsInVzZXJfaWQiOiI2ZmRjNmVlMC1jNGM1LTRmNzYtYjgxNi0xZmNkYTA5NGZkYjkifQ.CLPBJAVr0LZVz6-n0wv293dxS32_O2LznEn_6gD0pCI	2025-04-27 15:47:28.512165+00	2025-04-28 15:47:28+00	6fdc6ee0-c4c5-4f76-b816-1fcda094fdb9	346f75050bb54c58836ce2614d5b1f4a
66	eyJhbGciOiJIUzI1NiIsInR5cCI6IkpXVCJ9.eyJ0b2tlbl90eXBlIjoicmVmcmVzaCIsImV4cCI6MTc0NTg1NTY3NywiaWF0IjoxNzQ1NzY5Mjc3LCJqdGkiOiJjOWIwY2U1YmJiNjU0MDRhOGFhNDRkM2VhYjNiNzlkMiIsInVzZXJfaWQiOiI2ZmRjNmVlMC1jNGM1LTRmNzYtYjgxNi0xZmNkYTA5NGZkYjkifQ.HziemWxnxVj-OUG4yZeEZ2buk5FLh-bFkYnZkp2dB1A	2025-04-27 15:54:37.627901+00	2025-04-28 15:54:37+00	6fdc6ee0-c4c5-4f76-b816-1fcda094fdb9	c9b0ce5bbb65404a8aa44d3eab3b79d2
67	eyJhbGciOiJIUzI1NiIsInR5cCI6IkpXVCJ9.eyJ0b2tlbl90eXBlIjoicmVmcmVzaCIsImV4cCI6MTc0NTg1NjE5OCwiaWF0IjoxNzQ1NzY5Nzk4LCJqdGkiOiJkMjdhNDMwYTZkMmM0NDQ3YmE4NzRjNjIwNmM2YTNmZiIsInVzZXJfaWQiOiI2ZmRjNmVlMC1jNGM1LTRmNzYtYjgxNi0xZmNkYTA5NGZkYjkifQ.dJYlbMPAlvH28buZqfw3u54VF_RBjwuGmRlel0VH0KI	2025-04-27 16:03:18.228132+00	2025-04-28 16:03:18+00	6fdc6ee0-c4c5-4f76-b816-1fcda094fdb9	d27a430a6d2c4447ba874c6206c6a3ff
68	eyJhbGciOiJIUzI1NiIsInR5cCI6IkpXVCJ9.eyJ0b2tlbl90eXBlIjoicmVmcmVzaCIsImV4cCI6MTc0NTg1NjMxOCwiaWF0IjoxNzQ1NzY5OTE4LCJqdGkiOiI3MTMwMzYwNTg0NzU0ZjQxOGExZWIyZjcyODYzNTY5YiIsInVzZXJfaWQiOiI2ZmRjNmVlMC1jNGM1LTRmNzYtYjgxNi0xZmNkYTA5NGZkYjkifQ.RVzix_SiJ-XTsGcbiJVFyMzwZA2dOBApALRrlZhftZE	2025-04-27 16:05:18.323994+00	2025-04-28 16:05:18+00	6fdc6ee0-c4c5-4f76-b816-1fcda094fdb9	7130360584754f418a1eb2f72863569b
69	eyJhbGciOiJIUzI1NiIsInR5cCI6IkpXVCJ9.eyJ0b2tlbl90eXBlIjoicmVmcmVzaCIsImV4cCI6MTc0NTg1NzE5OSwiaWF0IjoxNzQ1NzcwNzk5LCJqdGkiOiJiZWZmMmU3M2E4ZGY0NTcwOWFjMGY3ODBmODU3Zjc5MyIsInVzZXJfaWQiOiJkYzBkNzYwZi1kYjZhLTQyYmItOTdhNS01ZDdlYTI0YWEzNTcifQ.TxFZexf64IiK_TBKDHMbODJHLmpJDVt9CRbPsVut3Fw	2025-04-27 16:19:59.528033+00	2025-04-28 16:19:59+00	dc0d760f-db6a-42bb-97a5-5d7ea24aa357	beff2e73a8df45709ac0f780f857f793
70	eyJhbGciOiJIUzI1NiIsInR5cCI6IkpXVCJ9.eyJ0b2tlbl90eXBlIjoicmVmcmVzaCIsImV4cCI6MTc0NTg1NzIwOCwiaWF0IjoxNzQ1NzcwODA4LCJqdGkiOiI3MjUwYzVkNmJiYjI0ZDJjYTJkODU0ZGI2ZGFlNWUzNCIsInVzZXJfaWQiOiJkYzBkNzYwZi1kYjZhLTQyYmItOTdhNS01ZDdlYTI0YWEzNTcifQ._-HXTOr3LMwJ4byp99oLxUsHuZFfH2t_JmhKjgJOWAU	2025-04-27 16:20:08.456892+00	2025-04-28 16:20:08+00	dc0d760f-db6a-42bb-97a5-5d7ea24aa357	7250c5d6bbb24d2ca2d854db6dae5e34
71	eyJhbGciOiJIUzI1NiIsInR5cCI6IkpXVCJ9.eyJ0b2tlbl90eXBlIjoicmVmcmVzaCIsImV4cCI6MTc0NTg1NzI5NiwiaWF0IjoxNzQ1NzcwODk2LCJqdGkiOiI5Y2RmOTA3NDJhMzg0NjRkYWY3NTI0YzRjMWQ2M2Y4NyIsInVzZXJfaWQiOiI2ZmRjNmVlMC1jNGM1LTRmNzYtYjgxNi0xZmNkYTA5NGZkYjkifQ.P_gr1JXSXakoppshEdmb1zgRffopkhKo2VTtfFWOHqk	2025-04-27 16:21:36.700161+00	2025-04-28 16:21:36+00	6fdc6ee0-c4c5-4f76-b816-1fcda094fdb9	9cdf90742a38464daf7524c4c1d63f87
72	eyJhbGciOiJIUzI1NiIsInR5cCI6IkpXVCJ9.eyJ0b2tlbl90eXBlIjoicmVmcmVzaCIsImV4cCI6MTc0NTg1NzMxOCwiaWF0IjoxNzQ1NzcwOTE4LCJqdGkiOiI0ODA3NzRhNzk0Nzk0M2ZkOTM4ODI0OTM1M2ExZjdkYiIsInVzZXJfaWQiOiJkYzBkNzYwZi1kYjZhLTQyYmItOTdhNS01ZDdlYTI0YWEzNTcifQ._ly7eoEMP1BY_751A-rDWS2Vk7t1gJQy03zE1T74fos	2025-04-27 16:21:58.769899+00	2025-04-28 16:21:58+00	dc0d760f-db6a-42bb-97a5-5d7ea24aa357	480774a7947943fd9388249353a1f7db
73	eyJhbGciOiJIUzI1NiIsInR5cCI6IkpXVCJ9.eyJ0b2tlbl90eXBlIjoicmVmcmVzaCIsImV4cCI6MTc0NTg2MDIyMywiaWF0IjoxNzQ1NzczODIzLCJqdGkiOiI1MzJhMjRmNjU3NDE0NTZhOWIxMjdkOWJiMDc1ODBkMCIsInVzZXJfaWQiOiI2ZmRjNmVlMC1jNGM1LTRmNzYtYjgxNi0xZmNkYTA5NGZkYjkifQ.HpkIK-Juf6n1TZODAB6f5i0JNirhT6ZTQsox-tiAh8w	2025-04-27 17:10:23.71831+00	2025-04-28 17:10:23+00	6fdc6ee0-c4c5-4f76-b816-1fcda094fdb9	532a24f65741456a9b127d9bb07580d0
74	eyJhbGciOiJIUzI1NiIsInR5cCI6IkpXVCJ9.eyJ0b2tlbl90eXBlIjoicmVmcmVzaCIsImV4cCI6MTc0NTg3NjI2MCwiaWF0IjoxNzQ1Nzg5ODYwLCJqdGkiOiI1N2I3NGY5MjdmNTE0ZTE1ODk3YTUzYjA4ODVjZDcwMyIsInVzZXJfaWQiOiJkYzBkNzYwZi1kYjZhLTQyYmItOTdhNS01ZDdlYTI0YWEzNTcifQ.VzHC4HLRCS-eebgY1Xpxt7sQYzsgu20oueJgc0BN5Xk	2025-04-27 21:37:40.495843+00	2025-04-28 21:37:40+00	dc0d760f-db6a-42bb-97a5-5d7ea24aa357	57b74f927f514e15897a53b0885cd703
75	eyJhbGciOiJIUzI1NiIsInR5cCI6IkpXVCJ9.eyJ0b2tlbl90eXBlIjoicmVmcmVzaCIsImV4cCI6MTc0NTg3NzU1NiwiaWF0IjoxNzQ1NzkxMTU2LCJqdGkiOiJkYzVhMTgzZmMzNGU0ZGUwODU3MDk5MzhjZGY3YTFjNCIsInVzZXJfaWQiOiI2ZmRjNmVlMC1jNGM1LTRmNzYtYjgxNi0xZmNkYTA5NGZkYjkifQ.0-D_5s2N7fDuZIFhXmRSeU7dHLhzQpuqtpw76oi7Q44	2025-04-27 21:59:16.964576+00	2025-04-28 21:59:16+00	6fdc6ee0-c4c5-4f76-b816-1fcda094fdb9	dc5a183fc34e4de085709938cdf7a1c4
76	eyJhbGciOiJIUzI1NiIsInR5cCI6IkpXVCJ9.eyJ0b2tlbl90eXBlIjoicmVmcmVzaCIsImV4cCI6MTc0NTg3NzU3NCwiaWF0IjoxNzQ1NzkxMTc0LCJqdGkiOiIxMjI5NzU2YTJhNDY0MjRlOTdmMGE3NzVmN2Y0NTRlYSIsInVzZXJfaWQiOiJkYzBkNzYwZi1kYjZhLTQyYmItOTdhNS01ZDdlYTI0YWEzNTcifQ.8Sq6rXojF4uZDspOeFsxk9FAc4HgaFHaOXunoa1YNSA	2025-04-27 21:59:34.577867+00	2025-04-28 21:59:34+00	dc0d760f-db6a-42bb-97a5-5d7ea24aa357	1229756a2a46424e97f0a775f7f454ea
77	eyJhbGciOiJIUzI1NiIsInR5cCI6IkpXVCJ9.eyJ0b2tlbl90eXBlIjoicmVmcmVzaCIsImV4cCI6MTc0NjA1MzE1OCwiaWF0IjoxNzQ1OTY2NzU4LCJqdGkiOiI2NTU5ZGU0MGRmYzI0MDk0YTA0ZWZjYWFhNDhiOTJmOSIsInVzZXJfaWQiOiJkYzBkNzYwZi1kYjZhLTQyYmItOTdhNS01ZDdlYTI0YWEzNTcifQ.BS6FFFiFwRJMpjMlIAQ-IinwAvu18s3NntORUAjlJ8g	2025-04-29 22:45:58.092694+00	2025-04-30 22:45:58+00	dc0d760f-db6a-42bb-97a5-5d7ea24aa357	6559de40dfc24094a04efcaaa48b92f9
78	eyJhbGciOiJIUzI1NiIsInR5cCI6IkpXVCJ9.eyJ0b2tlbl90eXBlIjoicmVmcmVzaCIsImV4cCI6MTc0NjA1MzM0MywiaWF0IjoxNzQ1OTY2OTQzLCJqdGkiOiI3MmI5MDk2ZTU3ZTY0ZjcwODg3NjExNTJlNDdhNDU4OCIsInVzZXJfaWQiOiJmYjMxNDJkNS02ZjYxLTQzNzEtYWY1Yy00YTk0MzRjZWZiNTEifQ.eQtP19t9-CRFIBlqIljsnltdRE1j9ALqgbr2KmjaRIQ	2025-04-29 22:49:03.891986+00	2025-04-30 22:49:03+00	fb3142d5-6f61-4371-af5c-4a9434cefb51	72b9096e57e64f7088761152e47a4588
79	eyJhbGciOiJIUzI1NiIsInR5cCI6IkpXVCJ9.eyJ0b2tlbl90eXBlIjoicmVmcmVzaCIsImV4cCI6MTc0NjA1MzM3MSwiaWF0IjoxNzQ1OTY2OTcxLCJqdGkiOiI2MmVkZGQ2MTcxZjY0YzJlOTU1MGU3ODE4MTIxYzk1ZCIsInVzZXJfaWQiOiJkYzBkNzYwZi1kYjZhLTQyYmItOTdhNS01ZDdlYTI0YWEzNTcifQ.h4Vhyrh7gNxTh4YI29LUd5Nrp3ZD6s5wCQvSxty6KHg	2025-04-29 22:49:31.75302+00	2025-04-30 22:49:31+00	dc0d760f-db6a-42bb-97a5-5d7ea24aa357	62eddd6171f64c2e9550e7818121c95d
80	eyJhbGciOiJIUzI1NiIsInR5cCI6IkpXVCJ9.eyJ0b2tlbl90eXBlIjoicmVmcmVzaCIsImV4cCI6MTc0NjA1NDQxNywiaWF0IjoxNzQ1OTY4MDE3LCJqdGkiOiI4OGU2NjE2N2U4YTg0ZmY2YTAyYmUyZGViYzY1YzJiMSIsInVzZXJfaWQiOiJmYjMxNDJkNS02ZjYxLTQzNzEtYWY1Yy00YTk0MzRjZWZiNTEifQ.xDH2rnl2WnhwAaP-4dOb3CntbrEmgxMlBucA4-RMnn4	2025-04-29 23:06:57.477904+00	2025-04-30 23:06:57+00	fb3142d5-6f61-4371-af5c-4a9434cefb51	88e66167e8a84ff6a02be2debc65c2b1
81	eyJhbGciOiJIUzI1NiIsInR5cCI6IkpXVCJ9.eyJ0b2tlbl90eXBlIjoicmVmcmVzaCIsImV4cCI6MTc0NjA1NDU3MSwiaWF0IjoxNzQ1OTY4MTcxLCJqdGkiOiIyODgyOGNkNWYwYzg0MzM3OGRiMjE5ZTZkMGMyNTNkMyIsInVzZXJfaWQiOiI2ZmRjNmVlMC1jNGM1LTRmNzYtYjgxNi0xZmNkYTA5NGZkYjkifQ.qF6Mn-QxtNwON6mKOPIkhYuCOofAw6kRDPwejFsAiw0	2025-04-29 23:09:31.191138+00	2025-04-30 23:09:31+00	6fdc6ee0-c4c5-4f76-b816-1fcda094fdb9	28828cd5f0c843378db219e6d0c253d3
82	eyJhbGciOiJIUzI1NiIsInR5cCI6IkpXVCJ9.eyJ0b2tlbl90eXBlIjoicmVmcmVzaCIsImV4cCI6MTc0NjA1NDYwNywiaWF0IjoxNzQ1OTY4MjA3LCJqdGkiOiJlNGRjZDc2MmE1NjU0OTVhOWYyNDM5ZmU2ODdhNGE2ZCIsInVzZXJfaWQiOiJkYzBkNzYwZi1kYjZhLTQyYmItOTdhNS01ZDdlYTI0YWEzNTcifQ.cendU2z9yD6wc8lO8mm7jPqrxBFgRisOxYdTaFJPh7E	2025-04-29 23:10:07.34856+00	2025-04-30 23:10:07+00	dc0d760f-db6a-42bb-97a5-5d7ea24aa357	e4dcd762a565495a9f2439fe687a4a6d
83	eyJhbGciOiJIUzI1NiIsInR5cCI6IkpXVCJ9.eyJ0b2tlbl90eXBlIjoicmVmcmVzaCIsImV4cCI6MTc0NjA2MTU1OCwiaWF0IjoxNzQ1OTc1MTU4LCJqdGkiOiI4MThjYzNlNmIwMGI0M2ZlYmEzZTQ3Yjc2OGIwYTJhZSIsInVzZXJfaWQiOiJkYzBkNzYwZi1kYjZhLTQyYmItOTdhNS01ZDdlYTI0YWEzNTcifQ.CbTGxAfDEkQ54cse2amFsc458Dqv9OodOLeeWYVRXUg	2025-04-30 01:05:58.668671+00	2025-05-01 01:05:58+00	dc0d760f-db6a-42bb-97a5-5d7ea24aa357	818cc3e6b00b43feba3e47b768b0a2ae
84	eyJhbGciOiJIUzI1NiIsInR5cCI6IkpXVCJ9.eyJ0b2tlbl90eXBlIjoicmVmcmVzaCIsImV4cCI6MTc0NjA2Mjc3NCwiaWF0IjoxNzQ1OTc2Mzc0LCJqdGkiOiI5ZDNjNzY5ZTBlMzM0Mjk5YTU4NmQ4ZjQ1NWVkNzhiZiIsInVzZXJfaWQiOiJkYzBkNzYwZi1kYjZhLTQyYmItOTdhNS01ZDdlYTI0YWEzNTcifQ.IE4XPXy8rtvm4Onkr5En9LDKVuH0GI3KEYbk7pOt0DU	2025-04-30 01:26:14.927941+00	2025-05-01 01:26:14+00	dc0d760f-db6a-42bb-97a5-5d7ea24aa357	9d3c769e0e334299a586d8f455ed78bf
85	eyJhbGciOiJIUzI1NiIsInR5cCI6IkpXVCJ9.eyJ0b2tlbl90eXBlIjoicmVmcmVzaCIsImV4cCI6MTc0NjA2NDMwMCwiaWF0IjoxNzQ1OTc3OTAwLCJqdGkiOiI1MTI4NzhhNTNiNTQ0MzMzODI4NWNmOGE5NjJmMDM1ZCIsInVzZXJfaWQiOiJkYzBkNzYwZi1kYjZhLTQyYmItOTdhNS01ZDdlYTI0YWEzNTcifQ.A1BDyXy5Lpq-80xLdyE3HwYxm5hS_sEnUZPbpMfmvvA	2025-04-30 01:51:40.855592+00	2025-05-01 01:51:40+00	dc0d760f-db6a-42bb-97a5-5d7ea24aa357	512878a53b5443338285cf8a962f035d
86	eyJhbGciOiJIUzI1NiIsInR5cCI6IkpXVCJ9.eyJ0b2tlbl90eXBlIjoicmVmcmVzaCIsImV4cCI6MTc0NjA2NTc3NSwiaWF0IjoxNzQ1OTc5Mzc1LCJqdGkiOiI2NWEyNTI2OTBkNzY0MDdmOWFmN2Q4YjJjNTlhZGFkNiIsInVzZXJfaWQiOiJkYzBkNzYwZi1kYjZhLTQyYmItOTdhNS01ZDdlYTI0YWEzNTcifQ.cnHsG1pJjBRrwc7FEPn1PjSGQH0bydkikMhXghX8xwc	2025-04-30 02:16:15.217436+00	2025-05-01 02:16:15+00	dc0d760f-db6a-42bb-97a5-5d7ea24aa357	65a252690d76407f9af7d8b2c59adad6
87	eyJhbGciOiJIUzI1NiIsInR5cCI6IkpXVCJ9.eyJ0b2tlbl90eXBlIjoicmVmcmVzaCIsImV4cCI6MTc0NjA2OTA1MiwiaWF0IjoxNzQ1OTgyNjUyLCJqdGkiOiJhZGMxNDk0YTQ4NmQ0YWY4YTFhMWMzOWNjMTdjNWY0OCIsInVzZXJfaWQiOiJkYzBkNzYwZi1kYjZhLTQyYmItOTdhNS01ZDdlYTI0YWEzNTcifQ.fj-9E_B7nybi3RUQeKPzu3_drxvFa7nLtpKvbdJ0uSs	2025-04-30 03:10:52.609371+00	2025-05-01 03:10:52+00	dc0d760f-db6a-42bb-97a5-5d7ea24aa357	adc1494a486d4af8a1a1c39cc17c5f48
88	eyJhbGciOiJIUzI1NiIsInR5cCI6IkpXVCJ9.eyJ0b2tlbl90eXBlIjoicmVmcmVzaCIsImV4cCI6MTc0NjA3Mzg2OSwiaWF0IjoxNzQ1OTg3NDY5LCJqdGkiOiI4ODc2ZDRjNGRkYjY0OGZlYWY5MjI0Y2MyMjk1NGRkNiIsInVzZXJfaWQiOiJkYzBkNzYwZi1kYjZhLTQyYmItOTdhNS01ZDdlYTI0YWEzNTcifQ.FSpWyJmg_0x6DWLbpmlGnJVXcfHnbZNxRUqkyw-STWI	2025-04-30 04:31:09.663358+00	2025-05-01 04:31:09+00	dc0d760f-db6a-42bb-97a5-5d7ea24aa357	8876d4c4ddb648feaf9224cc22954dd6
89	eyJhbGciOiJIUzI1NiIsInR5cCI6IkpXVCJ9.eyJ0b2tlbl90eXBlIjoicmVmcmVzaCIsImV4cCI6MTc0NjE0NDMxMywiaWF0IjoxNzQ2MDU3OTEzLCJqdGkiOiIxMGNlYmM3OWFjYTQ0ZWM4YTFlYmQyYWZhNzZmNDNjNyIsInVzZXJfaWQiOiI2ZmRjNmVlMC1jNGM1LTRmNzYtYjgxNi0xZmNkYTA5NGZkYjkifQ.CRyO9kiT8NyijAyOTSTAwJVwF40qdFb6dROZDzna1m4	2025-05-01 00:05:13.987858+00	2025-05-02 00:05:13+00	6fdc6ee0-c4c5-4f76-b816-1fcda094fdb9	10cebc79aca44ec8a1ebd2afa76f43c7
90	eyJhbGciOiJIUzI1NiIsInR5cCI6IkpXVCJ9.eyJ0b2tlbl90eXBlIjoicmVmcmVzaCIsImV4cCI6MTc0NjE0NDM0MiwiaWF0IjoxNzQ2MDU3OTQyLCJqdGkiOiIyMGZjYTM5ZGU2ZjA0OTg3ODk4NjI1OGM5NTlmOWVlZCIsInVzZXJfaWQiOiJkYzBkNzYwZi1kYjZhLTQyYmItOTdhNS01ZDdlYTI0YWEzNTcifQ.C7Fjl9APUaV6W1O4D3aTW31pezAwn9XrU_D34FOb-7U	2025-05-01 00:05:42.853488+00	2025-05-02 00:05:42+00	dc0d760f-db6a-42bb-97a5-5d7ea24aa357	20fca39de6f049878986258c959f9eed
91	eyJhbGciOiJIUzI1NiIsInR5cCI6IkpXVCJ9.eyJ0b2tlbl90eXBlIjoicmVmcmVzaCIsImV4cCI6MTc0NjE1MDAzOSwiaWF0IjoxNzQ2MDYzNjM5LCJqdGkiOiJjZjE2MDAxZjM4ZTM0NzExODBlZjZmOWYwMTE2NTgwZCIsInVzZXJfaWQiOiJkYzBkNzYwZi1kYjZhLTQyYmItOTdhNS01ZDdlYTI0YWEzNTcifQ.5hYEnH1n6snFjNs-W7IkTvrV4HhgqM0PBjKKEBX3GMk	2025-05-01 01:40:39.889378+00	2025-05-02 01:40:39+00	dc0d760f-db6a-42bb-97a5-5d7ea24aa357	cf16001f38e3471180ef6f9f0116580d
92	eyJhbGciOiJIUzI1NiIsInR5cCI6IkpXVCJ9.eyJ0b2tlbl90eXBlIjoicmVmcmVzaCIsImV4cCI6MTc0NjE2Mjc3MSwiaWF0IjoxNzQ2MDc2MzcxLCJqdGkiOiJhYzQzOWZmYzRkMTY0N2VkYTE5NTYxZDlmNTE3MTg0NSIsInVzZXJfaWQiOiJkYzBkNzYwZi1kYjZhLTQyYmItOTdhNS01ZDdlYTI0YWEzNTcifQ.hQ-wkzs1asTLRalxQwnbZX0jUpDXKvR_-6oYN2LzUwE	2025-05-01 05:12:51.751399+00	2025-05-02 05:12:51+00	dc0d760f-db6a-42bb-97a5-5d7ea24aa357	ac439ffc4d1647eda19561d9f5171845
93	eyJhbGciOiJIUzI1NiIsInR5cCI6IkpXVCJ9.eyJ0b2tlbl90eXBlIjoicmVmcmVzaCIsImV4cCI6MTc0NjE2Mzc3NywiaWF0IjoxNzQ2MDc3Mzc3LCJqdGkiOiI4NmQzZmVmMjdjZGU0MGNkOGI2NDI0ZmFhMDFlZDI5ZiIsInVzZXJfaWQiOiJkYzBkNzYwZi1kYjZhLTQyYmItOTdhNS01ZDdlYTI0YWEzNTcifQ.4C0HHwG1w2KJ4u6jWyRF3f69ZWx6ReKb1Gi35fN3Lgc	2025-05-01 05:29:37.69625+00	2025-05-02 05:29:37+00	dc0d760f-db6a-42bb-97a5-5d7ea24aa357	86d3fef27cde40cd8b6424faa01ed29f
94	eyJhbGciOiJIUzI1NiIsInR5cCI6IkpXVCJ9.eyJ0b2tlbl90eXBlIjoicmVmcmVzaCIsImV4cCI6MTc0NjE2NTcxNiwiaWF0IjoxNzQ2MDc5MzE2LCJqdGkiOiI5NDA4MmRhZjUzMjg0NmFlYWJiMWZjNTM5ZGY4NjQyOSIsInVzZXJfaWQiOiJkYzBkNzYwZi1kYjZhLTQyYmItOTdhNS01ZDdlYTI0YWEzNTcifQ.OTfGgg4iQnxPk0TcKzJTQ1YUN9XuFT1LCjb-0Z9mFLM	2025-05-01 06:01:56.31281+00	2025-05-02 06:01:56+00	dc0d760f-db6a-42bb-97a5-5d7ea24aa357	94082daf532846aeabb1fc539df86429
95	eyJhbGciOiJIUzI1NiIsInR5cCI6IkpXVCJ9.eyJ0b2tlbl90eXBlIjoicmVmcmVzaCIsImV4cCI6MTc0NjE2ODgyMiwiaWF0IjoxNzQ2MDgyNDIyLCJqdGkiOiIzNGM1ZDA5ZDg0NDQ0N2M3YjczNWQ3N2M2ZTc0N2UxYiIsInVzZXJfaWQiOiJkYzBkNzYwZi1kYjZhLTQyYmItOTdhNS01ZDdlYTI0YWEzNTcifQ.1uEj8JhApHAOALp5bA37NFZLuFjHcHCBQoQSNuWyw10	2025-05-01 06:53:42.179753+00	2025-05-02 06:53:42+00	dc0d760f-db6a-42bb-97a5-5d7ea24aa357	34c5d09d844447c7b735d77c6e747e1b
96	eyJhbGciOiJIUzI1NiIsInR5cCI6IkpXVCJ9.eyJ0b2tlbl90eXBlIjoicmVmcmVzaCIsImV4cCI6MTc0NjE2ODg4MywiaWF0IjoxNzQ2MDgyNDgzLCJqdGkiOiI3MTJjZTYzMjU0YTY0M2Y4OWI5NzM2MjkzZjc5ZWRiNSIsInVzZXJfaWQiOiJkYzBkNzYwZi1kYjZhLTQyYmItOTdhNS01ZDdlYTI0YWEzNTcifQ.Ve9tzbTxSM5Hn-KQo-Jc97bW87cng1le_kOg8EWE_jo	2025-05-01 06:54:43.907809+00	2025-05-02 06:54:43+00	dc0d760f-db6a-42bb-97a5-5d7ea24aa357	712ce63254a643f89b9736293f79edb5
97	eyJhbGciOiJIUzI1NiIsInR5cCI6IkpXVCJ9.eyJ0b2tlbl90eXBlIjoicmVmcmVzaCIsImV4cCI6MTc0NjIwMjg2MCwiaWF0IjoxNzQ2MTE2NDYwLCJqdGkiOiI5MGQxYjA3MjZhZmU0MTUwOTFhN2Q3MTM4ZDYwODc4MiIsInVzZXJfaWQiOiJkYzBkNzYwZi1kYjZhLTQyYmItOTdhNS01ZDdlYTI0YWEzNTcifQ.N230HOt6LIXsbqjsKP3TPQjQzcC4fKBy8oaQLEgvMJU	2025-05-01 16:21:00.524267+00	2025-05-02 16:21:00+00	dc0d760f-db6a-42bb-97a5-5d7ea24aa357	90d1b0726afe415091a7d7138d608782
98	eyJhbGciOiJIUzI1NiIsInR5cCI6IkpXVCJ9.eyJ0b2tlbl90eXBlIjoicmVmcmVzaCIsImV4cCI6MTc0NjIwNjYwNywiaWF0IjoxNzQ2MTIwMjA3LCJqdGkiOiJjN2MxNThmZWI2MDc0Mzg5OGRkZjg2ZDI1NDJkZDFjNiIsInVzZXJfaWQiOiJkYzBkNzYwZi1kYjZhLTQyYmItOTdhNS01ZDdlYTI0YWEzNTcifQ.XJi_uSH2vCr2OFzel_G5OcODqzO68GgsBM0q0THK6nM	2025-05-01 17:23:27.984545+00	2025-05-02 17:23:27+00	dc0d760f-db6a-42bb-97a5-5d7ea24aa357	c7c158feb60743898ddf86d2542dd1c6
\.


--
-- Name: adminchat_apiroute_id_seq; Type: SEQUENCE SET; Schema: public; Owner: jai_user
--

SELECT pg_catalog.setval('public.adminchat_apiroute_id_seq', 2, true);


--
-- Name: adminchat_externalapiconfig_id_seq; Type: SEQUENCE SET; Schema: public; Owner: jai_user
--

SELECT pg_catalog.setval('public.adminchat_externalapiconfig_id_seq', 1, true);


--
-- Name: auth_group_id_seq; Type: SEQUENCE SET; Schema: public; Owner: jai_user
--

SELECT pg_catalog.setval('public.auth_group_id_seq', 1, false);


--
-- Name: auth_group_permissions_id_seq; Type: SEQUENCE SET; Schema: public; Owner: jai_user
--

SELECT pg_catalog.setval('public.auth_group_permissions_id_seq', 1, false);


--
-- Name: auth_permission_id_seq; Type: SEQUENCE SET; Schema: public; Owner: jai_user
--

SELECT pg_catalog.setval('public.auth_permission_id_seq', 76, true);


--
-- Name: chat_businessuser_groups_id_seq; Type: SEQUENCE SET; Schema: public; Owner: jai_user
--

SELECT pg_catalog.setval('public.chat_businessuser_groups_id_seq', 1, false);


--
-- Name: chat_businessuser_user_permissions_id_seq; Type: SEQUENCE SET; Schema: public; Owner: jai_user
--

SELECT pg_catalog.setval('public.chat_businessuser_user_permissions_id_seq', 1, false);


--
-- Name: chat_useractivitylog_id_seq; Type: SEQUENCE SET; Schema: public; Owner: jai_user
--

SELECT pg_catalog.setval('public.chat_useractivitylog_id_seq', 1, false);


--
-- Name: django_admin_log_id_seq; Type: SEQUENCE SET; Schema: public; Owner: jai_user
--

SELECT pg_catalog.setval('public.django_admin_log_id_seq', 1, false);


--
-- Name: django_content_type_id_seq; Type: SEQUENCE SET; Schema: public; Owner: jai_user
--

SELECT pg_catalog.setval('public.django_content_type_id_seq', 19, true);


--
-- Name: django_migrations_id_seq; Type: SEQUENCE SET; Schema: public; Owner: jai_user
--

SELECT pg_catalog.setval('public.django_migrations_id_seq', 44, true);


--
-- Name: token_blacklist_blacklistedtoken_id_seq; Type: SEQUENCE SET; Schema: public; Owner: jai_user
--

SELECT pg_catalog.setval('public.token_blacklist_blacklistedtoken_id_seq', 1, false);


--
-- Name: token_blacklist_outstandingtoken_id_seq; Type: SEQUENCE SET; Schema: public; Owner: jai_user
--

SELECT pg_catalog.setval('public.token_blacklist_outstandingtoken_id_seq', 98, true);


--
-- Name: adminchat_apiroute adminchat_apiroute_path_method_112154a4_uniq; Type: CONSTRAINT; Schema: public; Owner: jai_user
--

ALTER TABLE ONLY public.adminchat_apiroute
    ADD CONSTRAINT adminchat_apiroute_path_method_112154a4_uniq UNIQUE (path, method);


--
-- Name: adminchat_apiroute adminchat_apiroute_pkey; Type: CONSTRAINT; Schema: public; Owner: jai_user
--

ALTER TABLE ONLY public.adminchat_apiroute
    ADD CONSTRAINT adminchat_apiroute_pkey PRIMARY KEY (id);


--
-- Name: adminchat_externalapiconfig adminchat_externalapiconfig_name_key; Type: CONSTRAINT; Schema: public; Owner: jai_user
--

ALTER TABLE ONLY public.adminchat_externalapiconfig
    ADD CONSTRAINT adminchat_externalapiconfig_name_key UNIQUE (name);


--
-- Name: adminchat_externalapiconfig adminchat_externalapiconfig_pkey; Type: CONSTRAINT; Schema: public; Owner: jai_user
--

ALTER TABLE ONLY public.adminchat_externalapiconfig
    ADD CONSTRAINT adminchat_externalapiconfig_pkey PRIMARY KEY (id);


--
-- Name: auth_group auth_group_name_key; Type: CONSTRAINT; Schema: public; Owner: jai_user
--

ALTER TABLE ONLY public.auth_group
    ADD CONSTRAINT auth_group_name_key UNIQUE (name);


--
-- Name: auth_group_permissions auth_group_permissions_group_id_permission_id_0cd325b0_uniq; Type: CONSTRAINT; Schema: public; Owner: jai_user
--

ALTER TABLE ONLY public.auth_group_permissions
    ADD CONSTRAINT auth_group_permissions_group_id_permission_id_0cd325b0_uniq UNIQUE (group_id, permission_id);


--
-- Name: auth_group_permissions auth_group_permissions_pkey; Type: CONSTRAINT; Schema: public; Owner: jai_user
--

ALTER TABLE ONLY public.auth_group_permissions
    ADD CONSTRAINT auth_group_permissions_pkey PRIMARY KEY (id);


--
-- Name: auth_group auth_group_pkey; Type: CONSTRAINT; Schema: public; Owner: jai_user
--

ALTER TABLE ONLY public.auth_group
    ADD CONSTRAINT auth_group_pkey PRIMARY KEY (id);


--
-- Name: auth_permission auth_permission_content_type_id_codename_01ab375a_uniq; Type: CONSTRAINT; Schema: public; Owner: jai_user
--

ALTER TABLE ONLY public.auth_permission
    ADD CONSTRAINT auth_permission_content_type_id_codename_01ab375a_uniq UNIQUE (content_type_id, codename);


--
-- Name: auth_permission auth_permission_pkey; Type: CONSTRAINT; Schema: public; Owner: jai_user
--

ALTER TABLE ONLY public.auth_permission
    ADD CONSTRAINT auth_permission_pkey PRIMARY KEY (id);


--
-- Name: chat_bottemplate chat_bottemplate_business_id_name_818c7f00_uniq; Type: CONSTRAINT; Schema: public; Owner: jai_user
--

ALTER TABLE ONLY public.chat_bottemplate
    ADD CONSTRAINT chat_bottemplate_business_id_name_818c7f00_uniq UNIQUE (business_id, name);


--
-- Name: chat_bottemplate chat_bottemplate_pkey; Type: CONSTRAINT; Schema: public; Owner: jai_user
--

ALTER TABLE ONLY public.chat_bottemplate
    ADD CONSTRAINT chat_bottemplate_pkey PRIMARY KEY (id);


--
-- Name: chat_business chat_business_pkey; Type: CONSTRAINT; Schema: public; Owner: jai_user
--

ALTER TABLE ONLY public.chat_business
    ADD CONSTRAINT chat_business_pkey PRIMARY KEY (id);


--
-- Name: chat_businessuser chat_businessuser_email_key; Type: CONSTRAINT; Schema: public; Owner: jai_user
--

ALTER TABLE ONLY public.chat_businessuser
    ADD CONSTRAINT chat_businessuser_email_key UNIQUE (email);


--
-- Name: chat_businessuser_groups chat_businessuser_groups_businessuser_id_group_id_1757a347_uniq; Type: CONSTRAINT; Schema: public; Owner: jai_user
--

ALTER TABLE ONLY public.chat_businessuser_groups
    ADD CONSTRAINT chat_businessuser_groups_businessuser_id_group_id_1757a347_uniq UNIQUE (businessuser_id, group_id);


--
-- Name: chat_businessuser_groups chat_businessuser_groups_pkey; Type: CONSTRAINT; Schema: public; Owner: jai_user
--

ALTER TABLE ONLY public.chat_businessuser_groups
    ADD CONSTRAINT chat_businessuser_groups_pkey PRIMARY KEY (id);


--
-- Name: chat_businessuser chat_businessuser_pkey; Type: CONSTRAINT; Schema: public; Owner: jai_user
--

ALTER TABLE ONLY public.chat_businessuser
    ADD CONSTRAINT chat_businessuser_pkey PRIMARY KEY (id);


--
-- Name: chat_businessuser_user_permissions chat_businessuser_user_p_businessuser_id_permissi_6886de76_uniq; Type: CONSTRAINT; Schema: public; Owner: jai_user
--

ALTER TABLE ONLY public.chat_businessuser_user_permissions
    ADD CONSTRAINT chat_businessuser_user_p_businessuser_id_permissi_6886de76_uniq UNIQUE (businessuser_id, permission_id);


--
-- Name: chat_businessuser_user_permissions chat_businessuser_user_permissions_pkey; Type: CONSTRAINT; Schema: public; Owner: jai_user
--

ALTER TABLE ONLY public.chat_businessuser_user_permissions
    ADD CONSTRAINT chat_businessuser_user_permissions_pkey PRIMARY KEY (id);


--
-- Name: chat_chunkingsettings chat_chunkingsettings_business_id_entity_type_1a6f419f_uniq; Type: CONSTRAINT; Schema: public; Owner: jai_user
--

ALTER TABLE ONLY public.chat_chunkingsettings
    ADD CONSTRAINT chat_chunkingsettings_business_id_entity_type_1a6f419f_uniq UNIQUE (business_id, entity_type);


--
-- Name: chat_chunkingsettings chat_chunkingsettings_pkey; Type: CONSTRAINT; Schema: public; Owner: jai_user
--

ALTER TABLE ONLY public.chat_chunkingsettings
    ADD CONSTRAINT chat_chunkingsettings_pkey PRIMARY KEY (id);


--
-- Name: chat_document chat_document_file_hash_key; Type: CONSTRAINT; Schema: public; Owner: jai_user
--

ALTER TABLE ONLY public.chat_document
    ADD CONSTRAINT chat_document_file_hash_key UNIQUE (file_hash);


--
-- Name: chat_document chat_document_pkey; Type: CONSTRAINT; Schema: public; Owner: jai_user
--

ALTER TABLE ONLY public.chat_document
    ADD CONSTRAINT chat_document_pkey PRIMARY KEY (id);


--
-- Name: chat_embedding chat_embedding_pkey; Type: CONSTRAINT; Schema: public; Owner: jai_user
--

ALTER TABLE ONLY public.chat_embedding
    ADD CONSTRAINT chat_embedding_pkey PRIMARY KEY (id);


--
-- Name: chat_productserviceitem chat_productserviceitem_pkey; Type: CONSTRAINT; Schema: public; Owner: jai_user
--

ALTER TABLE ONLY public.chat_productserviceitem
    ADD CONSTRAINT chat_productserviceitem_pkey PRIMARY KEY (id);


--
-- Name: chat_role chat_role_name_key; Type: CONSTRAINT; Schema: public; Owner: jai_user
--

ALTER TABLE ONLY public.chat_role
    ADD CONSTRAINT chat_role_name_key UNIQUE (name);


--
-- Name: chat_role chat_role_pkey; Type: CONSTRAINT; Schema: public; Owner: jai_user
--

ALTER TABLE ONLY public.chat_role
    ADD CONSTRAINT chat_role_pkey PRIMARY KEY (id);


--
-- Name: chat_useractivitylog chat_useractivitylog_pkey; Type: CONSTRAINT; Schema: public; Owner: jai_user
--

ALTER TABLE ONLY public.chat_useractivitylog
    ADD CONSTRAINT chat_useractivitylog_pkey PRIMARY KEY (id);


--
-- Name: django_admin_log django_admin_log_pkey; Type: CONSTRAINT; Schema: public; Owner: jai_user
--

ALTER TABLE ONLY public.django_admin_log
    ADD CONSTRAINT django_admin_log_pkey PRIMARY KEY (id);


--
-- Name: django_content_type django_content_type_app_label_model_76bd3d3b_uniq; Type: CONSTRAINT; Schema: public; Owner: jai_user
--

ALTER TABLE ONLY public.django_content_type
    ADD CONSTRAINT django_content_type_app_label_model_76bd3d3b_uniq UNIQUE (app_label, model);


--
-- Name: django_content_type django_content_type_pkey; Type: CONSTRAINT; Schema: public; Owner: jai_user
--

ALTER TABLE ONLY public.django_content_type
    ADD CONSTRAINT django_content_type_pkey PRIMARY KEY (id);


--
-- Name: django_migrations django_migrations_pkey; Type: CONSTRAINT; Schema: public; Owner: jai_user
--

ALTER TABLE ONLY public.django_migrations
    ADD CONSTRAINT django_migrations_pkey PRIMARY KEY (id);


--
-- Name: django_session django_session_pkey; Type: CONSTRAINT; Schema: public; Owner: jai_user
--

ALTER TABLE ONLY public.django_session
    ADD CONSTRAINT django_session_pkey PRIMARY KEY (session_key);


--
-- Name: token_blacklist_blacklistedtoken token_blacklist_blacklistedtoken_pkey; Type: CONSTRAINT; Schema: public; Owner: jai_user
--

ALTER TABLE ONLY public.token_blacklist_blacklistedtoken
    ADD CONSTRAINT token_blacklist_blacklistedtoken_pkey PRIMARY KEY (id);


--
-- Name: token_blacklist_blacklistedtoken token_blacklist_blacklistedtoken_token_id_key; Type: CONSTRAINT; Schema: public; Owner: jai_user
--

ALTER TABLE ONLY public.token_blacklist_blacklistedtoken
    ADD CONSTRAINT token_blacklist_blacklistedtoken_token_id_key UNIQUE (token_id);


--
-- Name: token_blacklist_outstandingtoken token_blacklist_outstandingtoken_jti_hex_d9bdf6f7_uniq; Type: CONSTRAINT; Schema: public; Owner: jai_user
--

ALTER TABLE ONLY public.token_blacklist_outstandingtoken
    ADD CONSTRAINT token_blacklist_outstandingtoken_jti_hex_d9bdf6f7_uniq UNIQUE (jti);


--
-- Name: token_blacklist_outstandingtoken token_blacklist_outstandingtoken_pkey; Type: CONSTRAINT; Schema: public; Owner: jai_user
--

ALTER TABLE ONLY public.token_blacklist_outstandingtoken
    ADD CONSTRAINT token_blacklist_outstandingtoken_pkey PRIMARY KEY (id);


--
-- Name: adminchat_apiroute_config_id_e8b53365; Type: INDEX; Schema: public; Owner: jai_user
--

CREATE INDEX adminchat_apiroute_config_id_e8b53365 ON public.adminchat_apiroute USING btree (config_id);


--
-- Name: adminchat_externalapiconfig_name_48bb9e9c_like; Type: INDEX; Schema: public; Owner: jai_user
--

CREATE INDEX adminchat_externalapiconfig_name_48bb9e9c_like ON public.adminchat_externalapiconfig USING btree (name varchar_pattern_ops);


--
-- Name: auth_group_name_a6ea08ec_like; Type: INDEX; Schema: public; Owner: jai_user
--

CREATE INDEX auth_group_name_a6ea08ec_like ON public.auth_group USING btree (name varchar_pattern_ops);


--
-- Name: auth_group_permissions_group_id_b120cbf9; Type: INDEX; Schema: public; Owner: jai_user
--

CREATE INDEX auth_group_permissions_group_id_b120cbf9 ON public.auth_group_permissions USING btree (group_id);


--
-- Name: auth_group_permissions_permission_id_84c5c92e; Type: INDEX; Schema: public; Owner: jai_user
--

CREATE INDEX auth_group_permissions_permission_id_84c5c92e ON public.auth_group_permissions USING btree (permission_id);


--
-- Name: auth_permission_content_type_id_2f476e4b; Type: INDEX; Schema: public; Owner: jai_user
--

CREATE INDEX auth_permission_content_type_id_2f476e4b ON public.auth_permission USING btree (content_type_id);


--
-- Name: chat_bottemplate_business_id_07d6d380; Type: INDEX; Schema: public; Owner: jai_user
--

CREATE INDEX chat_bottemplate_business_id_07d6d380 ON public.chat_bottemplate USING btree (business_id);


--
-- Name: chat_businessuser_business_id_0c4c3c13; Type: INDEX; Schema: public; Owner: jai_user
--

CREATE INDEX chat_businessuser_business_id_0c4c3c13 ON public.chat_businessuser USING btree (business_id);


--
-- Name: chat_businessuser_email_d1c3c93e_like; Type: INDEX; Schema: public; Owner: jai_user
--

CREATE INDEX chat_businessuser_email_d1c3c93e_like ON public.chat_businessuser USING btree (email varchar_pattern_ops);


--
-- Name: chat_businessuser_groups_businessuser_id_59f5929e; Type: INDEX; Schema: public; Owner: jai_user
--

CREATE INDEX chat_businessuser_groups_businessuser_id_59f5929e ON public.chat_businessuser_groups USING btree (businessuser_id);


--
-- Name: chat_businessuser_groups_group_id_3374dd7d; Type: INDEX; Schema: public; Owner: jai_user
--

CREATE INDEX chat_businessuser_groups_group_id_3374dd7d ON public.chat_businessuser_groups USING btree (group_id);


--
-- Name: chat_businessuser_role_id_bf4ba561; Type: INDEX; Schema: public; Owner: jai_user
--

CREATE INDEX chat_businessuser_role_id_bf4ba561 ON public.chat_businessuser USING btree (role_id);


--
-- Name: chat_businessuser_user_permissions_businessuser_id_fd35ab64; Type: INDEX; Schema: public; Owner: jai_user
--

CREATE INDEX chat_businessuser_user_permissions_businessuser_id_fd35ab64 ON public.chat_businessuser_user_permissions USING btree (businessuser_id);


--
-- Name: chat_businessuser_user_permissions_permission_id_fb7a232e; Type: INDEX; Schema: public; Owner: jai_user
--

CREATE INDEX chat_businessuser_user_permissions_permission_id_fb7a232e ON public.chat_businessuser_user_permissions USING btree (permission_id);


--
-- Name: chat_chunkingsettings_business_id_49a5e66d; Type: INDEX; Schema: public; Owner: jai_user
--

CREATE INDEX chat_chunkingsettings_business_id_49a5e66d ON public.chat_chunkingsettings USING btree (business_id);


--
-- Name: chat_document_business_id_f638eda9; Type: INDEX; Schema: public; Owner: jai_user
--

CREATE INDEX chat_document_business_id_f638eda9 ON public.chat_document USING btree (business_id);


--
-- Name: chat_document_file_hash_56c02050_like; Type: INDEX; Schema: public; Owner: jai_user
--

CREATE INDEX chat_document_file_hash_56c02050_like ON public.chat_document USING btree (file_hash varchar_pattern_ops);


--
-- Name: chat_embedd_busines_3d1460_idx; Type: INDEX; Schema: public; Owner: jai_user
--

CREATE INDEX chat_embedd_busines_3d1460_idx ON public.chat_embedding USING btree (business_id, source_type, source_id);


--
-- Name: chat_embedd_source__6ce12e_idx; Type: INDEX; Schema: public; Owner: jai_user
--

CREATE INDEX chat_embedd_source__6ce12e_idx ON public.chat_embedding USING btree (source_type, source_id);


--
-- Name: chat_embedding_business_id_cbb0535e; Type: INDEX; Schema: public; Owner: jai_user
--

CREATE INDEX chat_embedding_business_id_cbb0535e ON public.chat_embedding USING btree (business_id);


--
-- Name: chat_productserviceitem_business_id_3fdc3325; Type: INDEX; Schema: public; Owner: jai_user
--

CREATE INDEX chat_productserviceitem_business_id_3fdc3325 ON public.chat_productserviceitem USING btree (business_id);


--
-- Name: chat_role_name_875a9f1b_like; Type: INDEX; Schema: public; Owner: jai_user
--

CREATE INDEX chat_role_name_875a9f1b_like ON public.chat_role USING btree (name varchar_pattern_ops);


--
-- Name: chat_useractivitylog_user_id_84f6924e; Type: INDEX; Schema: public; Owner: jai_user
--

CREATE INDEX chat_useractivitylog_user_id_84f6924e ON public.chat_useractivitylog USING btree (user_id);


--
-- Name: django_admin_log_content_type_id_c4bce8eb; Type: INDEX; Schema: public; Owner: jai_user
--

CREATE INDEX django_admin_log_content_type_id_c4bce8eb ON public.django_admin_log USING btree (content_type_id);


--
-- Name: django_admin_log_user_id_c564eba6; Type: INDEX; Schema: public; Owner: jai_user
--

CREATE INDEX django_admin_log_user_id_c564eba6 ON public.django_admin_log USING btree (user_id);


--
-- Name: django_session_expire_date_a5c62663; Type: INDEX; Schema: public; Owner: jai_user
--

CREATE INDEX django_session_expire_date_a5c62663 ON public.django_session USING btree (expire_date);


--
-- Name: django_session_session_key_c0390e0f_like; Type: INDEX; Schema: public; Owner: jai_user
--

CREATE INDEX django_session_session_key_c0390e0f_like ON public.django_session USING btree (session_key varchar_pattern_ops);


--
-- Name: token_blacklist_outstandingtoken_jti_hex_d9bdf6f7_like; Type: INDEX; Schema: public; Owner: jai_user
--

CREATE INDEX token_blacklist_outstandingtoken_jti_hex_d9bdf6f7_like ON public.token_blacklist_outstandingtoken USING btree (jti varchar_pattern_ops);


--
-- Name: token_blacklist_outstandingtoken_user_id_83bc629a; Type: INDEX; Schema: public; Owner: jai_user
--

CREATE INDEX token_blacklist_outstandingtoken_user_id_83bc629a ON public.token_blacklist_outstandingtoken USING btree (user_id);


--
-- Name: adminchat_apiroute adminchat_apiroute_config_id_e8b53365_fk_adminchat; Type: FK CONSTRAINT; Schema: public; Owner: jai_user
--

ALTER TABLE ONLY public.adminchat_apiroute
    ADD CONSTRAINT adminchat_apiroute_config_id_e8b53365_fk_adminchat FOREIGN KEY (config_id) REFERENCES public.adminchat_externalapiconfig(id) DEFERRABLE INITIALLY DEFERRED;


--
-- Name: auth_group_permissions auth_group_permissio_permission_id_84c5c92e_fk_auth_perm; Type: FK CONSTRAINT; Schema: public; Owner: jai_user
--

ALTER TABLE ONLY public.auth_group_permissions
    ADD CONSTRAINT auth_group_permissio_permission_id_84c5c92e_fk_auth_perm FOREIGN KEY (permission_id) REFERENCES public.auth_permission(id) DEFERRABLE INITIALLY DEFERRED;


--
-- Name: auth_group_permissions auth_group_permissions_group_id_b120cbf9_fk_auth_group_id; Type: FK CONSTRAINT; Schema: public; Owner: jai_user
--

ALTER TABLE ONLY public.auth_group_permissions
    ADD CONSTRAINT auth_group_permissions_group_id_b120cbf9_fk_auth_group_id FOREIGN KEY (group_id) REFERENCES public.auth_group(id) DEFERRABLE INITIALLY DEFERRED;


--
-- Name: auth_permission auth_permission_content_type_id_2f476e4b_fk_django_co; Type: FK CONSTRAINT; Schema: public; Owner: jai_user
--

ALTER TABLE ONLY public.auth_permission
    ADD CONSTRAINT auth_permission_content_type_id_2f476e4b_fk_django_co FOREIGN KEY (content_type_id) REFERENCES public.django_content_type(id) DEFERRABLE INITIALLY DEFERRED;


--
-- Name: chat_bottemplate chat_bottemplate_business_id_07d6d380_fk_chat_business_id; Type: FK CONSTRAINT; Schema: public; Owner: jai_user
--

ALTER TABLE ONLY public.chat_bottemplate
    ADD CONSTRAINT chat_bottemplate_business_id_07d6d380_fk_chat_business_id FOREIGN KEY (business_id) REFERENCES public.chat_business(id) DEFERRABLE INITIALLY DEFERRED;


--
-- Name: chat_businessuser chat_businessuser_business_id_0c4c3c13_fk_chat_business_id; Type: FK CONSTRAINT; Schema: public; Owner: jai_user
--

ALTER TABLE ONLY public.chat_businessuser
    ADD CONSTRAINT chat_businessuser_business_id_0c4c3c13_fk_chat_business_id FOREIGN KEY (business_id) REFERENCES public.chat_business(id) DEFERRABLE INITIALLY DEFERRED;


--
-- Name: chat_businessuser_groups chat_businessuser_gr_businessuser_id_59f5929e_fk_chat_busi; Type: FK CONSTRAINT; Schema: public; Owner: jai_user
--

ALTER TABLE ONLY public.chat_businessuser_groups
    ADD CONSTRAINT chat_businessuser_gr_businessuser_id_59f5929e_fk_chat_busi FOREIGN KEY (businessuser_id) REFERENCES public.chat_businessuser(id) DEFERRABLE INITIALLY DEFERRED;


--
-- Name: chat_businessuser_groups chat_businessuser_groups_group_id_3374dd7d_fk_auth_group_id; Type: FK CONSTRAINT; Schema: public; Owner: jai_user
--

ALTER TABLE ONLY public.chat_businessuser_groups
    ADD CONSTRAINT chat_businessuser_groups_group_id_3374dd7d_fk_auth_group_id FOREIGN KEY (group_id) REFERENCES public.auth_group(id) DEFERRABLE INITIALLY DEFERRED;


--
-- Name: chat_businessuser chat_businessuser_role_id_bf4ba561_fk_chat_role_id; Type: FK CONSTRAINT; Schema: public; Owner: jai_user
--

ALTER TABLE ONLY public.chat_businessuser
    ADD CONSTRAINT chat_businessuser_role_id_bf4ba561_fk_chat_role_id FOREIGN KEY (role_id) REFERENCES public.chat_role(id) DEFERRABLE INITIALLY DEFERRED;


--
-- Name: chat_businessuser_user_permissions chat_businessuser_us_businessuser_id_fd35ab64_fk_chat_busi; Type: FK CONSTRAINT; Schema: public; Owner: jai_user
--

ALTER TABLE ONLY public.chat_businessuser_user_permissions
    ADD CONSTRAINT chat_businessuser_us_businessuser_id_fd35ab64_fk_chat_busi FOREIGN KEY (businessuser_id) REFERENCES public.chat_businessuser(id) DEFERRABLE INITIALLY DEFERRED;


--
-- Name: chat_businessuser_user_permissions chat_businessuser_us_permission_id_fb7a232e_fk_auth_perm; Type: FK CONSTRAINT; Schema: public; Owner: jai_user
--

ALTER TABLE ONLY public.chat_businessuser_user_permissions
    ADD CONSTRAINT chat_businessuser_us_permission_id_fb7a232e_fk_auth_perm FOREIGN KEY (permission_id) REFERENCES public.auth_permission(id) DEFERRABLE INITIALLY DEFERRED;


--
-- Name: chat_chunkingsettings chat_chunkingsettings_business_id_49a5e66d_fk_chat_business_id; Type: FK CONSTRAINT; Schema: public; Owner: jai_user
--

ALTER TABLE ONLY public.chat_chunkingsettings
    ADD CONSTRAINT chat_chunkingsettings_business_id_49a5e66d_fk_chat_business_id FOREIGN KEY (business_id) REFERENCES public.chat_business(id) DEFERRABLE INITIALLY DEFERRED;


--
-- Name: chat_document chat_document_business_id_f638eda9_fk_chat_business_id; Type: FK CONSTRAINT; Schema: public; Owner: jai_user
--

ALTER TABLE ONLY public.chat_document
    ADD CONSTRAINT chat_document_business_id_f638eda9_fk_chat_business_id FOREIGN KEY (business_id) REFERENCES public.chat_business(id) DEFERRABLE INITIALLY DEFERRED;


--
-- Name: chat_embedding chat_embedding_business_id_cbb0535e_fk_chat_business_id; Type: FK CONSTRAINT; Schema: public; Owner: jai_user
--

ALTER TABLE ONLY public.chat_embedding
    ADD CONSTRAINT chat_embedding_business_id_cbb0535e_fk_chat_business_id FOREIGN KEY (business_id) REFERENCES public.chat_business(id) DEFERRABLE INITIALLY DEFERRED;


--
-- Name: chat_productserviceitem chat_productservicei_business_id_3fdc3325_fk_chat_busi; Type: FK CONSTRAINT; Schema: public; Owner: jai_user
--

ALTER TABLE ONLY public.chat_productserviceitem
    ADD CONSTRAINT chat_productservicei_business_id_3fdc3325_fk_chat_busi FOREIGN KEY (business_id) REFERENCES public.chat_business(id) DEFERRABLE INITIALLY DEFERRED;


--
-- Name: chat_useractivitylog chat_useractivitylog_user_id_84f6924e_fk_chat_businessuser_id; Type: FK CONSTRAINT; Schema: public; Owner: jai_user
--

ALTER TABLE ONLY public.chat_useractivitylog
    ADD CONSTRAINT chat_useractivitylog_user_id_84f6924e_fk_chat_businessuser_id FOREIGN KEY (user_id) REFERENCES public.chat_businessuser(id) DEFERRABLE INITIALLY DEFERRED;


--
-- Name: django_admin_log django_admin_log_content_type_id_c4bce8eb_fk_django_co; Type: FK CONSTRAINT; Schema: public; Owner: jai_user
--

ALTER TABLE ONLY public.django_admin_log
    ADD CONSTRAINT django_admin_log_content_type_id_c4bce8eb_fk_django_co FOREIGN KEY (content_type_id) REFERENCES public.django_content_type(id) DEFERRABLE INITIALLY DEFERRED;


--
-- Name: django_admin_log django_admin_log_user_id_c564eba6_fk_chat_businessuser_id; Type: FK CONSTRAINT; Schema: public; Owner: jai_user
--

ALTER TABLE ONLY public.django_admin_log
    ADD CONSTRAINT django_admin_log_user_id_c564eba6_fk_chat_businessuser_id FOREIGN KEY (user_id) REFERENCES public.chat_businessuser(id) DEFERRABLE INITIALLY DEFERRED;


--
-- Name: token_blacklist_blacklistedtoken token_blacklist_blacklistedtoken_token_id_3cc7fe56_fk; Type: FK CONSTRAINT; Schema: public; Owner: jai_user
--

ALTER TABLE ONLY public.token_blacklist_blacklistedtoken
    ADD CONSTRAINT token_blacklist_blacklistedtoken_token_id_3cc7fe56_fk FOREIGN KEY (token_id) REFERENCES public.token_blacklist_outstandingtoken(id) DEFERRABLE INITIALLY DEFERRED;


--
-- Name: token_blacklist_outstandingtoken token_blacklist_outs_user_id_83bc629a_fk_chat_busi; Type: FK CONSTRAINT; Schema: public; Owner: jai_user
--

ALTER TABLE ONLY public.token_blacklist_outstandingtoken
    ADD CONSTRAINT token_blacklist_outs_user_id_83bc629a_fk_chat_busi FOREIGN KEY (user_id) REFERENCES public.chat_businessuser(id) DEFERRABLE INITIALLY DEFERRED;


--
-- PostgreSQL database dump complete
--

